year,office,district,name,party,incumbent,dp_win,dr_win,rp_win,rr_win,g_win
2016,State Rep 110,110,Rose,D,Y,TRUE,NA,NA,NA,NA
2016,State Rep 110,110,Crenshaw,D,N,FALSE,NA,NA,NA,NA
2016,State Rep 116,116,Arevalo,D,N,TRUE,NA,NA,NA,NA
2016,State Rep 116,116,Golando,D,N,FALSE,NA,NA,NA,NA
2016,State Rep 116,116,Resendez,D,N,FALSE,NA,NA,NA,NA
2016,State Rep 118,118,Uresti,D,N,TRUE,NA,NA,NA,TRUE
2016,State Rep 118,118,Farias,D,N,FALSE,NA,NA,NA,NA
2016,State Rep 120,120,Miller,D,N,FALSE,NA,NA,NA,NA
2016,State Rep 120,120,Gervin-Hawkins,D,N,FALSE,TRUE,NA,NA,TRUE
2016,State Rep 120,120,Salas,D,N,FALSE,FALSE,NA,NA,NA
2016,State Rep 120,120,Hall,D,N,FALSE,NA,NA,NA,NA
2016,State Rep 120,120,Darnell,D,N,FALSE,NA,NA,NA,NA
2016,State Rep 124,124,Minjarez,D,Y,TRUE,NA,NA,NA,NA
2016,State Rep 124,124,Contreras,D,N,FALSE,NA,NA,NA,NA
2016,State Rep 126,126,Dawson-Thomas,D,N,TRUE,NA,NA,NA,FALSE
2016,State Rep 126,126,Hernandez,D,N,FALSE,NA,NA,NA,NA
2016,State Rep 131,131,Allen,D,Y,TRUE,NA,NA,NA,NA
2016,State Rep 131,131,Shike,D,N,FALSE,NA,NA,NA,NA
2016,State Rep 137,137,Wu,D,Y,TRUE,NA,NA,NA,TRUE
2016,State Rep 137,137,Pollard,D,N,FALSE,NA,NA,NA,NA
2016,State Rep 139,139,Willis,D,N,FALSE,FALSE,NA,NA,NA
2016,State Rep 139,139,Johnson,D,N,FALSE,TRUE,NA,NA,NA
2016,State Rep 139,139,Bates,D,N,FALSE,NA,NA,NA,NA
2016,State Rep 139,139,Ford,D,N,FALSE,NA,NA,NA,NA
2016,State Rep 144,144,Perez,D,N,TRUE,NA,NA,NA,TRUE
2016,State Rep 144,144,Wheeler,D,N,FALSE,NA,NA,NA,NA
2016,State Rep 144,144,Aldape,D,N,FALSE,NA,NA,NA,NA
2016,State Rep 148,148,Farrar,D,Y,TRUE,NA,NA,NA,NA
2016,State Rep 148,148,Wilson,D,N,FALSE,NA,NA,NA,NA
2016,State Rep 149,149,Vo,D,Y,TRUE,NA,NA,NA,TRUE
2016,State Rep 149,149,Smith,D,N,FALSE,NA,NA,NA,NA
2016,State Rep 27,27,Reynolds,D,Y,FALSE,TRUE,NA,NA,TRUE
2016,State Rep 27,27,Bartholomew,D,N,FALSE,FALSE,NA,NA,NA
2016,State Rep 27,27,Brown,D,N,FALSE,NA,NA,NA,NA
2016,State Rep 27,27,Henderson,D,N,FALSE,NA,NA,NA,NA
2016,State Rep 33,33,Jacobs,D,N,TRUE,NA,NA,NA,FALSE
2016,State Rep 33,33,Padgett,D,N,FALSE,NA,NA,NA,NA
2016,State Rep 36,36,Munoz,D,Y,TRUE,NA,NA,NA,NA
2016,State Rep 36,36,Padron,D,N,FALSE,NA,NA,NA,NA
2016,State Rep 37,37,Oliveira,D,Y,TRUE,NA,NA,NA,NA
2016,State Rep 37,37,De Leon,D,N,FALSE,NA,NA,NA,NA
2016,State Rep 49,49,Hinojosa,D,N,TRUE,NA,NA,NA,TRUE
2016,State Rep 49,49,Way,D,N,FALSE,NA,NA,NA,NA
2016,State Rep 49,49,Fischer,D,N,FALSE,NA,NA,NA,NA
2016,State Rep 49,49,Rocap,D,N,FALSE,NA,NA,NA,NA
2016,State Rep 49,49,Dunaway,D,N,FALSE,NA,NA,NA,NA
2016,State Rep 49,49,Shrum,D,N,FALSE,NA,NA,NA,NA
2016,State Rep 49,49,Johnson,D,N,FALSE,NA,NA,NA,NA
2016,State Rep 54,54,Blankenship,D,N,TRUE,NA,NA,NA,FALSE
2016,State Rep 54,54,Carter,D,N,FALSE,NA,NA,NA,NA
2016,State Rep 64,64,Flanagan,D,N,TRUE,NA,NA,NA,FALSE
2016,State Rep 64,64,Greco,D,N,FALSE,NA,NA,NA,NA
2016,State Rep 75,75,Gonzalez,D,Y,TRUE,NA,NA,NA,NA
2016,State Rep 75,75,Quintanilla,D,N,FALSE,NA,NA,NA,NA
2016,State Rep 77,77,Ortega,D,N,TRUE,NA,NA,NA,NA
2016,State Rep 77,77,Lopez,D,N,FALSE,NA,NA,NA,NA
2016,State Rep 97,97,Tarrant,D,N,TRUE,NA,NA,NA,FALSE
2016,State Rep 97,97,McKernon,D,N,FALSE,NA,NA,NA,NA
2018,State Rep 100,100,Johnson,D,Y,TRUE,NA,NA,NA,NA
2018,State Rep 100,100,Crenshaw,D,N,FALSE,NA,NA,NA,NA
2018,State Rep 104,104,Gonzalez,D,N,TRUE,NA,NA,NA,NA
2018,State Rep 104,104,Alonzo,D,Y,FALSE,NA,NA,NA,NA
2018,State Rep 105,105,Meza,D,N,TRUE,NA,NA,NA,TRUE
2018,State Rep 105,105,Jenkins,D,N,FALSE,NA,NA,NA,NA
2018,State Rep 106,106,Thompson,D,N,TRUE,NA,NA,NA,FALSE
2018,State Rep 106,106,Rhea,D,N,FALSE,NA,NA,NA,NA
2018,State Rep 108,108,Cattanach,D,N,TRUE,NA,NA,NA,FALSE
2018,State Rep 108,108,Duffy,D,N,FALSE,NA,NA,NA,NA
2018,State Rep 109,109,Jones,D,N,FALSE,FALSE,NA,NA,NA
2018,State Rep 109,109,Sherman,D,N,FALSE,TRUE,NA,NA,NA
2018,State Rep 109,109,Walton,D,N,FALSE,NA,NA,NA,NA
2018,State Rep 109,109,Graham,D,N,FALSE,NA,NA,NA,NA
2018,State Rep 113,113,Bowers,D,N,TRUE,NA,NA,NA,TRUE
2018,State Rep 113,113,Ingram,D,N,FALSE,NA,NA,NA,NA
2018,State Rep 115,115,Johnson,D,N,TRUE,NA,NA,NA,TRUE
2018,State Rep 115,115,Bower,D,N,FALSE,NA,NA,NA,NA
2018,State Rep 116,116,Martinez Fischer,D,N,TRUE,NA,NA,NA,TRUE
2018,State Rep 116,116,Arevalo,D,Y,FALSE,NA,NA,NA,NA
2018,State Rep 117,117,Cortez,D,Y,TRUE,NA,NA,NA,TRUE
2018,State Rep 117,117,DeDeaux,D,N,FALSE,NA,NA,NA,NA
2018,State Rep 118,118,Pacheco,D,N,TRUE,NA,NA,NA,TRUE
2018,State Rep 118,118,Uresti,D,Y,FALSE,NA,NA,NA,NA
2018,State Rep 12,12,Arnold,D,N,TRUE,NA,NA,NA,FALSE
2018,State Rep 12,12,Miller,D,N,FALSE,NA,NA,NA,NA
2018,State Rep 124,124,Minjarez,D,Y,TRUE,NA,NA,NA,TRUE
2018,State Rep 124,124,Contreras,D,N,FALSE,NA,NA,NA,NA
2018,State Rep 126,126,Hurtado,D,N,TRUE,NA,NA,NA,FALSE
2018,State Rep 126,126,Fizer,D,N,FALSE,NA,NA,NA,NA
2018,State Rep 132,132,Calanni,D,N,TRUE,NA,NA,NA,FALSE
2018,State Rep 132,132,Pena,D,N,FALSE,NA,NA,NA,NA
2018,State Rep 133,133,Moore,D,N,FALSE,FALSE,NA,NA,NA
2018,State Rep 133,133,Schexnayder,D,N,FALSE,TRUE,NA,NA,FALSE
2018,State Rep 133,133,Tejas,D,N,FALSE,NA,NA,NA,NA
2018,State Rep 134,134,Sawyer,D,N,TRUE,NA,NA,NA,FALSE
2018,State Rep 134,134,Oliver,D,N,FALSE,NA,NA,NA,NA
2018,State Rep 138,138,Milasincic,D,N,TRUE,NA,NA,NA,FALSE
2018,State Rep 138,138,Pool,D,N,FALSE,NA,NA,NA,NA
2018,State Rep 139,139,Johnson,D,Y,TRUE,NA,NA,NA,TRUE
2018,State Rep 139,139,Bates,D,N,FALSE,NA,NA,NA,NA
2018,State Rep 14,14,Wilkinson,D,N,TRUE,NA,NA,NA,FALSE
2018,State Rep 14,14,Vidal,D,N,FALSE,NA,NA,NA,NA
2018,State Rep 142,142,Dutton,D,Y,TRUE,NA,NA,NA,NA
2018,State Rep 142,142,Bonton,D,N,FALSE,NA,NA,NA,NA
2018,State Rep 146,146,Thierry,D,Y,TRUE,NA,NA,NA,TRUE
2018,State Rep 146,146,Owens,D,N,FALSE,NA,NA,NA,NA
2018,State Rep 146,146,Soliz,D,N,FALSE,NA,NA,NA,NA
2018,State Rep 147,147,Coleman,D,Y,TRUE,NA,NA,NA,TRUE
2018,State Rep 147,147,Espinoza,D,N,FALSE,NA,NA,NA,NA
2018,State Rep 27,27,Reynolds,D,Y,TRUE,NA,NA,NA,NA
2018,State Rep 27,27,Carter,D,N,FALSE,NA,NA,NA,NA
2018,State Rep 28,28,Scoggins,D,N,TRUE,NA,NA,NA,FALSE
2018,State Rep 28,28,White,D,N,FALSE,NA,NA,NA,NA
2018,State Rep 29,29,Presley,D,N,TRUE,NA,NA,NA,FALSE
2018,State Rep 29,29,Forbis,D,N,FALSE,NA,NA,NA,NA
2018,State Rep 31,31,Guillen,D,Y,TRUE,NA,NA,NA,NA
2018,State Rep 31,31,Garza,D,N,FALSE,NA,NA,NA,NA
2018,State Rep 37,37,Oliveira,D,Y,FALSE,FALSE,NA,NA,NA
2018,State Rep 37,37,Dominguez,D,N,FALSE,TRUE,NA,NA,NA
2018,State Rep 37,37,Alonzo,D,N,FALSE,NA,NA,NA,NA
2018,State Rep 41,41,Guerra,D,Y,TRUE,NA,NA,NA,TRUE
2018,State Rep 41,41,Pinkard,D,N,FALSE,NA,NA,NA,NA
2018,State Rep 45,45,Bell-Metereau,D,N,FALSE,FALSE,NA,NA,NA
2018,State Rep 45,45,Zwiener,D,N,FALSE,TRUE,NA,NA,TRUE
2018,State Rep 45,45,Carnes,D,N,FALSE,NA,NA,NA,NA
2018,State Rep 46,46,Vela,D,N,FALSE,FALSE,NA,NA,NA
2018,State Rep 46,46,Cole,D,N,FALSE,TRUE,NA,NA,TRUE
2018,State Rep 46,46,Dukes,D,Y,FALSE,NA,NA,NA,NA
2018,State Rep 46,46,Cortez,D,N,FALSE,NA,NA,NA,NA
2018,State Rep 46,46,McKinney,D,N,FALSE,NA,NA,NA,NA
2018,State Rep 46,46,Baker,D,N,FALSE,NA,NA,NA,NA
2018,State Rep 47,47,Goodwin,D,N,FALSE,TRUE,NA,NA,TRUE
2018,State Rep 47,47,Fowler,D,N,FALSE,FALSE,NA,NA,NA
2018,State Rep 47,47,Soltes,D,N,FALSE,NA,NA,NA,NA
2018,State Rep 47,47,Aylor,D,N,FALSE,NA,NA,NA,NA
2018,State Rep 47,47,Simpson,D,N,FALSE,NA,NA,NA,NA
2018,State Rep 53,53,Ertel,D,N,TRUE,NA,NA,NA,FALSE
2018,State Rep 53,53,Herrera,D,N,FALSE,NA,NA,NA,NA
2018,State Rep 63,63,Haines,D,N,TRUE,NA,NA,NA,FALSE
2018,State Rep 63,63,Wolf,D,N,FALSE,NA,NA,NA,NA
2018,State Rep 64,64,Pruneda,D,N,FALSE,FALSE,NA,NA,NA
2018,State Rep 64,64,Morris,D,N,FALSE,TRUE,NA,NA,FALSE
2018,State Rep 64,64,Farmer,D,N,FALSE,NA,NA,NA,NA
2018,State Rep 75,75,Gonzalez,D,Y,TRUE,NA,NA,NA,NA
2018,State Rep 75,75,Fermath,D,N,FALSE,NA,NA,NA,NA
2018,State Rep 84,84,Fields,D,N,TRUE,NA,NA,NA,FALSE
2018,State Rep 84,84,Carrizales,D,N,FALSE,NA,NA,NA,NA
2018,State Rep 93,93,Bean,D,N,TRUE,NA,NA,NA,FALSE
2018,State Rep 93,93,Mathews,D,N,FALSE,NA,NA,NA,NA
2020,State Rep 100,100,Birabil,D,Y,FALSE,FALSE,NA,NA,NA
2020,State Rep 100,100,Crockett,D,N,FALSE,TRUE,NA,NA,NA
2020,State Rep 100,100,Crenshaw,D,N,FALSE,NA,NA,NA,NA
2020,State Rep 100,100,Clayton,D,N,FALSE,NA,NA,NA,NA
2020,State Rep 100,100,Armstrong,D,N,FALSE,NA,NA,NA,NA
2020,State Rep 100,100,Stafford,D,N,FALSE,NA,NA,NA,NA
2020,State Rep 108,108,Cattanach,D,N,TRUE,NA,NA,NA,FALSE
2020,State Rep 108,108,Terry,D,N,FALSE,NA,NA,NA,NA
2020,State Rep 108,108,Ervin,D,N,FALSE,NA,NA,NA,NA
2020,State Rep 109,109,Sherman,D,Y,TRUE,NA,NA,NA,TRUE
2020,State Rep 109,109,Graham,D,N,FALSE,NA,NA,NA,NA
2020,State Rep 116,116,Martinez Fischer,D,Y,TRUE,NA,NA,NA,TRUE
2020,State Rep 116,116,Bohl,D,N,FALSE,NA,NA,NA,NA
2020,State Rep 119,119,Campos,D,N,FALSE,TRUE,NA,NA,TRUE
2020,State Rep 119,119,Ramos,D,N,FALSE,FALSE,NA,NA,NA
2020,State Rep 119,119,Villasana,D,N,FALSE,NA,NA,NA,NA
2020,State Rep 121,121,Montoya,D,N,TRUE,NA,NA,NA,FALSE
2020,State Rep 121,121,Moyer DeFelice,D,N,FALSE,NA,NA,NA,NA
2020,State Rep 121,121,Guerra,D,N,FALSE,NA,NA,NA,NA
2020,State Rep 126,126,Hurtado,D,N,TRUE,NA,NA,NA,FALSE
2020,State Rep 126,126,Fizer,D,N,FALSE,NA,NA,NA,NA
2020,State Rep 128,128,Williams,D,N,TRUE,NA,NA,NA,FALSE
2020,State Rep 128,128,Markle,D,N,FALSE,NA,NA,NA,NA
2020,State Rep 131,131,Allen,D,Y,TRUE,NA,NA,NA,NA
2020,State Rep 131,131,Patton,D,N,FALSE,NA,NA,NA,NA
2020,State Rep 131,131,Lashley,D,N,FALSE,NA,NA,NA,NA
2020,State Rep 134,134,Johnson,D,N,TRUE,NA,NA,NA,TRUE
2020,State Rep 134,134,Powers,D,N,FALSE,NA,NA,NA,NA
2020,State Rep 134,134,Bose,D,N,FALSE,NA,NA,NA,NA
2020,State Rep 138,138,Bacy,D,N,FALSE,TRUE,NA,NA,FALSE
2020,State Rep 138,138,Pool,D,N,FALSE,FALSE,NA,NA,NA
2020,State Rep 138,138,Wallenstein,D,N,FALSE,NA,NA,NA,NA
2020,State Rep 139,139,Johnson,D,Y,TRUE,NA,NA,NA,TRUE
2020,State Rep 139,139,Thibodeaux,D,N,FALSE,NA,NA,NA,NA
2020,State Rep 14,14,Dudding,D,N,TRUE,NA,NA,NA,FALSE
2020,State Rep 14,14,Rahman,D,N,FALSE,NA,NA,NA,NA
2020,State Rep 141,141,Thompson,D,Y,TRUE,NA,NA,NA,NA
2020,State Rep 141,141,Franklyn,D,N,FALSE,NA,NA,NA,NA
2020,State Rep 142,142,Dutton,D,Y,FALSE,TRUE,NA,NA,TRUE
2020,State Rep 142,142,Davis,D,N,FALSE,FALSE,NA,NA,NA
2020,State Rep 142,142,Ruiz,D,N,FALSE,NA,NA,NA,NA
2020,State Rep 142,142,Bonton,D,N,FALSE,NA,NA,NA,NA
2020,State Rep 146,146,Thierry,D,Y,TRUE,NA,NA,NA,TRUE
2020,State Rep 146,146,Woods,D,N,FALSE,NA,NA,NA,NA
2020,State Rep 147,147,Coleman,D,Y,TRUE,NA,NA,NA,NA
2020,State Rep 147,147,Wagner,D,N,FALSE,NA,NA,NA,NA
2020,State Rep 147,147,Ross,D,N,FALSE,NA,NA,NA,NA
2020,State Rep 148,148,Eastman,D,Y,FALSE,FALSE,NA,NA,NA
2020,State Rep 148,148,Morales Shaw,D,N,FALSE,TRUE,NA,NA,TRUE
2020,State Rep 148,148,Garcia,D,N,FALSE,NA,NA,NA,NA
2020,State Rep 148,148,Reyes-Revilla,D,N,FALSE,NA,NA,NA,NA
2020,State Rep 148,148,Wolf,D,N,FALSE,NA,NA,NA,NA
2020,State Rep 26,26,Lalani,D,N,FALSE,FALSE,NA,NA,NA
2020,State Rep 26,26,DeMerchant,D,N,FALSE,TRUE,NA,NA,FALSE
2020,State Rep 26,26,Oberoi,D,N,FALSE,NA,NA,NA,NA
2020,State Rep 26,26,Allen,D,N,FALSE,NA,NA,NA,NA
2020,State Rep 27,27,Reynolds,D,Y,TRUE,NA,NA,NA,TRUE
2020,State Rep 27,27,Ross,D,N,FALSE,NA,NA,NA,NA
2020,State Rep 36,36,Munoz,D,Y,TRUE,NA,NA,NA,NA
2020,State Rep 36,36,Padron,D,N,FALSE,NA,NA,NA,NA
2020,State Rep 37,37,Dominguez,D,Y,TRUE,NA,NA,NA,NA
2020,State Rep 37,37,Medina,D,N,FALSE,NA,NA,NA,NA
2020,State Rep 38,38,Lucio,D,Y,TRUE,NA,NA,NA,NA
2020,State Rep 38,38,Gamez,D,N,FALSE,NA,NA,NA,NA
2020,State Rep 41,41,Guerra,D,Y,TRUE,NA,NA,NA,TRUE
2020,State Rep 41,41,Gonzales,D,N,FALSE,NA,NA,NA,NA
2020,State Rep 45,45,Zwiener,D,Y,TRUE,NA,NA,NA,TRUE
2020,State Rep 45,45,Posada,D,N,FALSE,NA,NA,NA,NA
2020,State Rep 51,51,Rodriguez,D,Y,TRUE,NA,NA,NA,TRUE
2020,State Rep 51,51,Sanchez,D,N,FALSE,NA,NA,NA,NA
2020,State Rep 65,65,Beckley,D,Y,TRUE,NA,NA,NA,TRUE
2020,State Rep 65,65,Dixon,D,N,FALSE,NA,NA,NA,NA
2020,State Rep 66,66,Hirsch,D,N,TRUE,NA,NA,NA,FALSE
2020,State Rep 66,66,Garza Lopez,D,N,FALSE,NA,NA,NA,NA
2020,State Rep 67,67,Adair,D,N,FALSE,FALSE,NA,NA,NA
2020,State Rep 67,67,Sanchez,D,N,FALSE,TRUE,NA,NA,FALSE
2020,State Rep 67,67,Hernandez,D,N,FALSE,NA,NA,NA,NA
2020,State Rep 67,67,Lo,D,N,FALSE,NA,NA,NA,NA
2020,State Rep 74,74,Morales,D,N,TRUE,NA,NA,NA,TRUE
2020,State Rep 74,74,Cantu,D,N,FALSE,NA,NA,NA,NA
2020,State Rep 74,74,Garza,D,N,FALSE,NA,NA,NA,NA
2020,State Rep 76,76,Ordaz Perez,D,N,TRUE,NA,NA,NA,NA
2020,State Rep 76,76,Tamayo,D,N,FALSE,NA,NA,NA,NA
2020,State Rep 80,80,King,D,Y,TRUE,NA,NA,NA,NA
2020,State Rep 80,80,Valdez,D,N,FALSE,NA,NA,NA,NA
2020,State Rep 83,83,Perry-Franks,D,N,TRUE,NA,NA,NA,FALSE
2020,State Rep 83,83,Barrick,D,N,FALSE,NA,NA,NA,NA
2020,State Rep 89,89,Ash,D,N,TRUE,NA,NA,NA,FALSE
2020,State Rep 89,89,Cocks,D,N,FALSE,NA,NA,NA,NA
2020,State Rep 92,92,Whitfield,D,N,TRUE,NA,NA,NA,FALSE
2020,State Rep 92,92,Riddell,D,N,FALSE,NA,NA,NA,NA
2020,State Rep 97,97,Beck,D,N,TRUE,NA,NA,NA,FALSE
2020,State Rep 97,97,Willis,D,N,FALSE,NA,NA,NA,NA
2022,State Rep 100,100,Crenshaw,D,N,FALSE,FALSE,NA,NA,NA
2022,State Rep 100,100,Jones,D,N,FALSE,TRUE,NA,NA,TRUE
2022,State Rep 100,100,Clayton,D,N,FALSE,NA,NA,NA,NA
2022,State Rep 100,100,Hawkins,D,N,FALSE,NA,NA,NA,NA
2022,State Rep 108,108,Ginsberg,D,N,TRUE,NA,NA,NA,FALSE
2022,State Rep 108,108,Heald,D,N,FALSE,NA,NA,NA,NA
2022,State Rep 113,113,Bowers,D,Y,TRUE,NA,NA,NA,NA
2022,State Rep 113,113,Nkanga,D,N,FALSE,NA,NA,NA,NA
2022,State Rep 114,114,Guio,D,N,FALSE,FALSE,NA,NA,NA
2022,State Rep 114,114,Bryant,D,N,FALSE,TRUE,NA,NA,TRUE
2022,State Rep 114,114,Scudder,D,N,FALSE,NA,NA,NA,NA
2022,State Rep 114,114,Leal,D,N,FALSE,NA,NA,NA,NA
2022,State Rep 114,114,Gearing,D,N,FALSE,NA,NA,NA,NA
2022,State Rep 121,121,Moyer DeFelice,D,N,TRUE,NA,NA,NA,FALSE
2022,State Rep 121,121,Gregory,D,N,FALSE,NA,NA,NA,NA
2022,State Rep 124,124,Garcia,D,N,TRUE,NA,NA,NA,TRUE
2022,State Rep 124,124,Lopez,D,N,FALSE,NA,NA,NA,NA
2022,State Rep 124,124,Gilmore,D,N,FALSE,NA,NA,NA,NA
2022,State Rep 125,125,Lopez,D,Y,TRUE,NA,NA,NA,TRUE
2022,State Rep 125,125,Garza,D,N,FALSE,NA,NA,NA,NA
2022,State Rep 13,13,Davis,D,N,TRUE,NA,NA,NA,FALSE
2022,State Rep 13,13,Peacock,D,N,FALSE,NA,NA,NA,NA
2022,State Rep 131,131,Allen,D,Y,TRUE,NA,NA,NA,TRUE
2022,State Rep 131,131,Guillory,D,N,FALSE,NA,NA,NA,NA
2022,State Rep 131,131,Dillard,D,N,FALSE,NA,NA,NA,NA
2022,State Rep 132,132,Campbell,D,N,TRUE,NA,NA,NA,FALSE
2022,State Rep 132,132,West,D,N,FALSE,NA,NA,NA,NA
2022,State Rep 142,142,Dutton,D,Y,TRUE,NA,NA,NA,NA
2022,State Rep 142,142,Houston,D,N,FALSE,NA,NA,NA,NA
2022,State Rep 147,147,Jones,D,N,FALSE,TRUE,NA,NA,NA
2022,State Rep 147,147,Keys Bess,D,N,FALSE,FALSE,NA,NA,NA
2022,State Rep 147,147,Flowers,D,N,FALSE,NA,NA,NA,NA
2022,State Rep 147,147,Wagner,D,N,FALSE,NA,NA,NA,NA
2022,State Rep 147,147,Subramanian,D,N,FALSE,NA,NA,NA,NA
2022,State Rep 147,147,Ik-Ejiofor,D,N,FALSE,NA,NA,NA,NA
2022,State Rep 147,147,Hines,D,N,FALSE,NA,NA,NA,NA
2022,State Rep 22,22,Trahan,D,N,FALSE,FALSE,NA,NA,NA
2022,State Rep 22,22,Hayes,D,N,FALSE,TRUE,NA,NA,TRUE
2022,State Rep 22,22,Weber,D,N,FALSE,NA,NA,NA,NA
2022,State Rep 26,26,Lee,D,N,TRUE,NA,NA,NA,FALSE
2022,State Rep 26,26,Allen,D,N,FALSE,NA,NA,NA,NA
2022,State Rep 27,27,Reynolds,D,Y,TRUE,NA,NA,NA,TRUE
2022,State Rep 27,27,Carreon,D,N,FALSE,NA,NA,NA,NA
2022,State Rep 33,33,Lynskey,D,N,TRUE,NA,NA,NA,FALSE
2022,State Rep 33,33,Haase,D,N,FALSE,NA,NA,NA,NA
2022,State Rep 37,37,Cortez,D,N,FALSE,FALSE,NA,NA,NA
2022,State Rep 37,37,Villarreal,D,N,FALSE,TRUE,NA,NA,FALSE
2022,State Rep 37,37,Puente,D,N,FALSE,NA,NA,NA,NA
2022,State Rep 38,38,Gamez,D,N,TRUE,NA,NA,NA,NA
2022,State Rep 38,38,Gracia,D,N,FALSE,NA,NA,NA,NA
2022,State Rep 42,42,Raymond,D,Y,TRUE,NA,NA,NA,TRUE
2022,State Rep 42,42,Delgado,D,N,FALSE,NA,NA,NA,NA
2022,State Rep 45,45,Zwiener,D,Y,TRUE,NA,NA,NA,TRUE
2022,State Rep 45,45,Villescaz,D,N,FALSE,NA,NA,NA,NA
2022,State Rep 45,45,Mejia,D,N,FALSE,NA,NA,NA,NA
2022,State Rep 50,50,Talarico,D,N,TRUE,NA,NA,NA,TRUE
2022,State Rep 50,50,Alcorta,D,N,FALSE,NA,NA,NA,NA
2022,State Rep 51,51,Flores,D,N,TRUE,NA,NA,NA,TRUE
2022,State Rep 51,51,Valadez-Mata,D,N,FALSE,NA,NA,NA,NA
2022,State Rep 51,51,Worthington,D,N,FALSE,NA,NA,NA,NA
2022,State Rep 51,51,Campos-O'Neal,D,N,FALSE,NA,NA,NA,NA
2022,State Rep 51,51,Cadenas,D,N,FALSE,NA,NA,NA,NA
2022,State Rep 51,51,Hendrix,D,N,FALSE,NA,NA,NA,NA
2022,State Rep 51,51,Arn,D,N,FALSE,NA,NA,NA,NA
2022,State Rep 70,70,Garcia Hernandez,D,N,FALSE,FALSE,NA,NA,NA
2022,State Rep 70,70,Plesa,D,N,FALSE,TRUE,NA,NA,TRUE
2022,State Rep 70,70,Sanchez,D,N,FALSE,NA,NA,NA,NA
2022,State Rep 75,75,Gonzalez,D,Y,TRUE,NA,NA,NA,TRUE
2022,State Rep 75,75,Rodriguez,D,N,FALSE,NA,NA,NA,NA
2022,State Rep 76,76,Lalani,D,N,FALSE,TRUE,NA,NA,TRUE
2022,State Rep 76,76,Johnson,D,N,FALSE,FALSE,NA,NA,NA
2022,State Rep 76,76,DeMerchant,D,N,FALSE,NA,NA,NA,NA
2022,State Rep 76,76,Burnett,D,N,FALSE,NA,NA,NA,NA
2022,State Rep 79,79,Ordaz Perez,D,N,TRUE,NA,NA,NA,NA
2022,State Rep 79,79,Fierro,D,Y,FALSE,NA,NA,NA,NA
2022,State Rep 92,92,Bhojani,D,N,TRUE,NA,NA,NA,TRUE
2022,State Rep 92,92,Scott,D,N,FALSE,NA,NA,NA,NA
2022,State Rep 92,92,Sharma,D,N,FALSE,NA,NA,NA,NA
2022,State Rep 97,97,McLaurin,D,N,TRUE,NA,NA,NA,FALSE
2022,State Rep 97,97,Rector,D,N,FALSE,NA,NA,NA,NA
2024,State Rep 100,100,Jones,D,Y,TRUE,NA,NA,NA,NA
2024,State Rep 100,100,Caraway,D,N,FALSE,NA,NA,NA,NA
2024,State Rep 100,100,Crenshaw,D,N,FALSE,NA,NA,NA,NA
2024,State Rep 100,100,McFarlane,D,N,FALSE,NA,NA,NA,NA
2024,State Rep 108,108,Ginsberg,D,N,TRUE,NA,NA,NA,FALSE
2024,State Rep 108,108,Simon,D,N,FALSE,NA,NA,NA,NA
2024,State Rep 109,109,Davis,D,N,TRUE,NA,NA,NA,NA
2024,State Rep 109,109,Walton,D,N,FALSE,NA,NA,NA,NA
2024,State Rep 115,115,Garcia Hernandez,D,N,TRUE,NA,NA,NA,TRUE
2024,State Rep 115,115,Rumsey,D,N,FALSE,NA,NA,NA,NA
2024,State Rep 115,115,Cornwallis,D,N,FALSE,NA,NA,NA,NA
2024,State Rep 118,118,Carranza,D,N,TRUE,NA,NA,NA,FALSE
2024,State Rep 118,118,Quezada,D,N,FALSE,NA,NA,NA,NA
2024,State Rep 119,119,Campos,D,Y,TRUE,NA,NA,NA,TRUE
2024,State Rep 119,119,Fuentes,D,N,FALSE,NA,NA,NA,NA
2024,State Rep 121,121,Swift,D,N,TRUE,NA,NA,NA,FALSE
2024,State Rep 121,121,Sinha,D,N,FALSE,NA,NA,NA,NA
2024,State Rep 125,125,Lopez,D,Y,TRUE,NA,NA,NA,NA
2024,State Rep 125,125,Garza,D,N,FALSE,NA,NA,NA,NA
2024,State Rep 130,130,Robinson,D,N,TRUE,NA,NA,NA,FALSE
2024,State Rep 130,130,Arturo,D,N,FALSE,NA,NA,NA,NA
2024,State Rep 131,131,Allen,D,Y,TRUE,NA,NA,NA,NA
2024,State Rep 131,131,Guillory,D,N,FALSE,NA,NA,NA,NA
2024,State Rep 131,131,Wilson,D,N,FALSE,NA,NA,NA,NA
2024,State Rep 139,139,Thibodeaux,D,N,FALSE,NA,NA,NA,NA
2024,State Rep 139,139,Ward Johnson,D,N,FALSE,NA,NA,NA,NA
2024,State Rep 139,139,Jenkins,D,N,FALSE,NA,NA,NA,NA
2024,State Rep 139,139,Caesar,D,N,FALSE,NA,NA,NA,NA
2024,State Rep 139,139,Ford,D,N,FALSE,NA,NA,NA,NA
2024,State Rep 142,142,Dutton,D,Y,TRUE,NA,NA,NA,NA
2024,State Rep 142,142,Norris,D,N,FALSE,NA,NA,NA,NA
2024,State Rep 142,142,Chatman,D,N,FALSE,NA,NA,NA,NA
2024,State Rep 142,142,Horn,D,N,FALSE,NA,NA,NA,NA
2024,State Rep 146,146,Simmons,D,N,FALSE,NA,NA,NA,TRUE
2024,State Rep 146,146,Thierry,D,Y,FALSE,NA,NA,NA,NA
2024,State Rep 146,146,Woods,D,N,FALSE,NA,NA,NA,NA
2024,State Rep 19,19,Handley,D,N,TRUE,NA,NA,NA,FALSE
2024,State Rep 19,19,Vance,D,N,FALSE,NA,NA,NA,NA
2024,State Rep 22,22,Manuel,D,Y,TRUE,NA,NA,NA,NA
2024,State Rep 22,22,Price,D,N,FALSE,NA,NA,NA,NA
2024,State Rep 22,22,Martin,D,N,FALSE,NA,NA,NA,NA
2024,State Rep 27,27,Reynolds,D,Y,TRUE,NA,NA,NA,TRUE
2024,State Rep 27,27,Carreon,D,N,FALSE,NA,NA,NA,NA
2024,State Rep 28,28,Rocha,D,N,TRUE,NA,NA,NA,FALSE
2024,State Rep 28,28,Adriatico,D,N,FALSE,NA,NA,NA,NA
2024,State Rep 34,34,Ortiz,D,N,TRUE,NA,NA,NA,FALSE
2024,State Rep 34,34,Berrera,D,N,FALSE,NA,NA,NA,NA
2024,State Rep 37,37,Cortez,D,N,FALSE,NA,NA,NA,NA
2024,State Rep 37,37,Gracia,D,N,FALSE,NA,NA,NA,FALSE
2024,State Rep 37,37,Dominguez,D,N,FALSE,NA,NA,NA,NA
2024,State Rep 37,37,Sanchez,D,N,FALSE,NA,NA,NA,NA
2024,State Rep 45,45,Zwiener,D,Y,TRUE,NA,NA,NA,TRUE
2024,State Rep 45,45,Pastrano,D,N,FALSE,NA,NA,NA,NA
2024,State Rep 50,50,Talarico,D,Y,TRUE,NA,NA,NA,NA
2024,State Rep 50,50,Boynton,D,N,FALSE,NA,NA,NA,NA
2024,State Rep 52,52,Birkholz,D,N,TRUE,NA,NA,NA,FALSE
2024,State Rep 52,52,Carroll,D,N,FALSE,NA,NA,NA,NA
2024,State Rep 63,63,Beckley,D,N,TRUE,NA,NA,NA,FALSE
2024,State Rep 63,63,Wooten,D,N,FALSE,NA,NA,NA,NA
2024,State Rep 67,67,Washington,D,N,TRUE,NA,NA,NA,FALSE
2024,State Rep 67,67,Nunn,D,N,FALSE,NA,NA,NA,NA
2024,State Rep 76,76,Lalani,D,Y,TRUE,NA,NA,NA,TRUE
2024,State Rep 76,76,Johnson,D,N,FALSE,NA,NA,NA,NA
2024,State Rep 77,77,Perez,D,N,FALSE,NA,NA,NA,NA
2024,State Rep 77,77,Chavez,D,N,FALSE,NA,NA,NA,NA
2024,State Rep 77,77,Annello,D,N,FALSE,NA,NA,NA,NA
2024,State Rep 77,77,Reza,D,N,FALSE,NA,NA,NA,NA
2024,State Rep 80,80,Castellano,D,N,FALSE,NA,NA,NA,FALSE
2024,State Rep 80,80,Cuellar,D,N,FALSE,NA,NA,NA,NA
2024,State Rep 80,80,Lopez,D,N,FALSE,NA,NA,NA,NA
2024,State Rep 80,80,Johnson Hernandez,D,N,FALSE,NA,NA,NA,NA
2024,State Rep 80,80,Villarreal,D,N,FALSE,NA,NA,NA,NA
2024,State Rep 97,97,Symons,D,N,FALSE,NA,NA,NA,NA
2024,State Rep 97,97,Walker,D,N,FALSE,NA,NA,NA,FALSE
2024,State Rep 97,97,Thorburn,D,N,FALSE,NA,NA,NA,NA
2016,State Rep 1,1,VanDeaver,R,Y,NA,NA,TRUE,NA,NA
2016,State Rep 1,1,Lavender,R,N,NA,NA,FALSE,NA,NA
2016,State Rep 106,106,Fallon,R,Y,NA,NA,TRUE,NA,TRUE
2016,State Rep 106,106,Trubenbach,R,N,NA,NA,FALSE,NA,NA
2016,State Rep 11,11,Clardy,R,Y,NA,NA,TRUE,NA,TRUE
2016,State Rep 11,11,Sevilla,R,N,NA,NA,FALSE,NA,NA
2016,State Rep 112,112,Chen Button,R,Y,NA,NA,TRUE,NA,TRUE
2016,State Rep 112,112,DeHart,R,N,NA,NA,FALSE,NA,NA
2016,State Rep 113,113,Burkett,R,Y,NA,NA,TRUE,NA,TRUE
2016,State Rep 113,113,Boos,R,N,NA,NA,FALSE,NA,NA
2016,State Rep 114,114,Villalba,R,Y,NA,NA,TRUE,NA,TRUE
2016,State Rep 114,114,Morenoff,R,N,NA,NA,FALSE,NA,NA
2016,State Rep 115,115,Rinaldi,R,Y,NA,NA,TRUE,NA,TRUE
2016,State Rep 115,115,Ratliff,R,N,NA,NA,FALSE,NA,NA
2016,State Rep 118,118,Lujan,R,Y,NA,NA,TRUE,NA,FALSE
2016,State Rep 118,118,Casias,R,N,NA,NA,FALSE,NA,NA
2016,State Rep 12,12,Kacal,R,Y,NA,NA,TRUE,NA,NA
2016,State Rep 12,12,Stanford,R,N,NA,NA,FALSE,NA,NA
2016,State Rep 12,12,Delasandro,R,N,NA,NA,FALSE,NA,NA
2016,State Rep 121,121,Straus,R,Y,NA,NA,TRUE,NA,NA
2016,State Rep 121,121,Judson,R,N,NA,NA,FALSE,NA,NA
2016,State Rep 121,121,Bean,R,N,NA,NA,FALSE,NA,NA
2016,State Rep 127,127,Huberty,R,Y,NA,NA,TRUE,NA,TRUE
2016,State Rep 127,127,Bosworth,R,N,NA,NA,FALSE,NA,NA
2016,State Rep 128,128,Cain,R,N,NA,NA,FALSE,TRUE,TRUE
2016,State Rep 128,128,Smith,R,Y,NA,NA,FALSE,FALSE,NA
2016,State Rep 128,128,McDaniel,R,N,NA,NA,FALSE,NA,NA
2016,State Rep 130,130,Oliverson,R,N,NA,NA,TRUE,NA,NA
2016,State Rep 130,130,Smith,R,N,NA,NA,FALSE,NA,NA
2016,State Rep 134,134,Davis,R,Y,NA,NA,TRUE,NA,TRUE
2016,State Rep 134,134,Palmer,R,N,NA,NA,FALSE,NA,NA
2016,State Rep 14,14,Raney,R,Y,NA,NA,TRUE,NA,NA
2016,State Rep 14,14,Fields,R,N,NA,NA,FALSE,NA,NA
2016,State Rep 150,150,Swanson,R,N,NA,NA,TRUE,NA,TRUE
2016,State Rep 150,150,Riddle,R,Y,NA,NA,FALSE,NA,NA
2016,State Rep 150,150,Hearn-Haynes,R,N,NA,NA,FALSE,NA,NA
2016,State Rep 150,150,Zolli,R,N,NA,NA,FALSE,NA,NA
2016,State Rep 17,17,Cyrier,R,Y,NA,NA,TRUE,NA,NA
2016,State Rep 17,17,Golemon,R,N,NA,NA,FALSE,NA,NA
2016,State Rep 18,18,Strahan,R,N,NA,NA,FALSE,FALSE,NA
2016,State Rep 18,18,Bailes,R,N,NA,NA,FALSE,TRUE,TRUE
2016,State Rep 18,18,Hinch,R,N,NA,NA,FALSE,NA,NA
2016,State Rep 18,18,Morrison,R,N,NA,NA,FALSE,NA,NA
2016,State Rep 18,18,Turner,R,N,NA,NA,FALSE,NA,NA
2016,State Rep 18,18,Brookshire,R,N,NA,NA,FALSE,NA,NA
2016,State Rep 2,2,Flynn,R,Y,NA,NA,TRUE,NA,NA
2016,State Rep 2,2,Slaton,R,N,NA,NA,FALSE,NA,NA
2016,State Rep 20,20,Wilson,R,N,NA,NA,TRUE,NA,NA
2016,State Rep 20,20,Farney,R,Y,NA,NA,FALSE,NA,NA
2016,State Rep 27,27,Bryant,R,N,NA,NA,TRUE,NA,FALSE
2016,State Rep 27,27,Walker,R,N,NA,NA,FALSE,NA,NA
2016,State Rep 33,33,Keating,R,N,NA,NA,FALSE,FALSE,NA
2016,State Rep 33,33,Holland,R,N,NA,NA,FALSE,TRUE,TRUE
2016,State Rep 33,33,Liechty,R,N,NA,NA,FALSE,NA,NA
2016,State Rep 4,4,Gooden,R,N,NA,NA,TRUE,NA,NA
2016,State Rep 4,4,Spitzer,R,Y,NA,NA,FALSE,NA,NA
2016,State Rep 47,47,Workman,R,Y,NA,NA,TRUE,NA,TRUE
2016,State Rep 47,47,Wiley,R,N,NA,NA,FALSE,NA,NA
2016,State Rep 5,5,Hefner,R,N,NA,NA,FALSE,TRUE,NA
2016,State Rep 5,5,Misenheimer,R,N,NA,NA,FALSE,FALSE,NA
2016,State Rep 5,5,Davis,R,N,NA,NA,FALSE,NA,NA
2016,State Rep 5,5,Hayes,R,N,NA,NA,FALSE,NA,NA
2016,State Rep 5,5,Coggins Hayes,R,N,NA,NA,FALSE,NA,NA
2016,State Rep 54,54,Cosper,R,N,NA,NA,FALSE,TRUE,TRUE
2016,State Rep 54,54,Ruiz,R,N,NA,NA,FALSE,FALSE,NA
2016,State Rep 54,54,Smith,R,N,NA,NA,FALSE,NA,NA
2016,State Rep 55,55,Shine,R,N,NA,NA,TRUE,NA,NA
2016,State Rep 55,55,White,R,Y,NA,NA,FALSE,NA,NA
2016,State Rep 58,58,Burns,R,Y,NA,NA,TRUE,NA,NA
2016,State Rep 58,58,Eby,R,N,NA,NA,FALSE,NA,NA
2016,State Rep 59,59,Sheffield,R,Y,NA,NA,TRUE,NA,NA
2016,State Rep 59,59,Graves,R,N,NA,NA,FALSE,NA,NA
2016,State Rep 60,60,Lang,R,N,NA,NA,TRUE,NA,NA
2016,State Rep 60,60,Downing,R,N,NA,NA,FALSE,NA,NA
2016,State Rep 64,64,Stucky,R,N,NA,NA,FALSE,TRUE,TRUE
2016,State Rep 64,64,King,R,N,NA,NA,FALSE,FALSE,NA
2016,State Rep 64,64,Hagen,R,N,NA,NA,FALSE,NA,NA
2016,State Rep 65,65,Simmons,R,Y,NA,NA,TRUE,NA,TRUE
2016,State Rep 65,65,Kissling,R,N,NA,NA,FALSE,NA,NA
2016,State Rep 7,7,Dean,R,N,NA,NA,TRUE,NA,NA
2016,State Rep 7,7,Watts,R,N,NA,NA,FALSE,NA,NA
2016,State Rep 71,71,Lambert,R,N,NA,NA,TRUE,NA,TRUE
2016,State Rep 71,71,Castro,R,N,NA,NA,FALSE,NA,NA
2016,State Rep 71,71,Carnohan,R,N,NA,NA,FALSE,NA,NA
2016,State Rep 71,71,Scalf,R,N,NA,NA,FALSE,NA,NA
2016,State Rep 71,71,Scaief,R,N,NA,NA,FALSE,NA,NA
2016,State Rep 73,73,Miller,R,Y,NA,NA,FALSE,FALSE,NA
2016,State Rep 73,73,Biedermann,R,N,NA,NA,FALSE,TRUE,NA
2016,State Rep 73,73,Byrd,R,N,NA,NA,FALSE,NA,NA
2016,State Rep 8,8,Cook,R,Y,NA,NA,TRUE,NA,NA
2016,State Rep 8,8,McNutt,R,N,NA,NA,FALSE,NA,NA
2016,State Rep 81,81,Landgraf,R,Y,NA,NA,TRUE,NA,NA
2016,State Rep 81,81,Crawford,R,N,NA,NA,FALSE,NA,NA
2016,State Rep 84,84,Frullo,R,Y,NA,NA,TRUE,NA,NA
2016,State Rep 84,84,Landtroop,R,N,NA,NA,FALSE,NA,NA
2016,State Rep 89,89,Laubenberg,R,Y,NA,NA,TRUE,NA,TRUE
2016,State Rep 89,89,Lytle,R,N,NA,NA,FALSE,NA,NA
2016,State Rep 92,92,Stickland,R,Y,NA,NA,TRUE,NA,TRUE
2016,State Rep 92,92,Fisher,R,N,NA,NA,FALSE,NA,NA
2016,State Rep 94,94,Tinderholt,R,Y,NA,NA,TRUE,NA,TRUE
2016,State Rep 94,94,Piel,R,N,NA,NA,FALSE,NA,NA
2016,State Rep 96,96,Zedler,R,Y,NA,NA,TRUE,NA,TRUE
2016,State Rep 96,96,Nelson,R,N,NA,NA,FALSE,NA,NA
2016,State Rep 99,99,Geren,R,Y,NA,NA,TRUE,NA,TRUE
2016,State Rep 99,99,French,R,N,NA,NA,FALSE,NA,NA
2018,State Rep 102,102,Koop,R,Y,NA,NA,TRUE,NA,FALSE
2018,State Rep 102,102,Carnahan,R,N,NA,NA,FALSE,NA,NA
2018,State Rep 102,102,Kilgore,R,N,NA,NA,FALSE,NA,NA
2018,State Rep 105,105,Anderson,R,Y,NA,NA,TRUE,NA,FALSE
2018,State Rep 105,105,Mali,R,N,NA,NA,FALSE,NA,NA
2018,State Rep 106,106,Patterson,R,N,NA,NA,TRUE,NA,TRUE
2018,State Rep 106,106,Bedsole,R,N,NA,NA,FALSE,NA,NA
2018,State Rep 107,107,Metzger,R,N,NA,NA,FALSE,TRUE,FALSE
2018,State Rep 107,107,Ruzicka,R,N,NA,NA,FALSE,FALSE,NA
2018,State Rep 107,107,Perry,R,N,NA,NA,FALSE,NA,NA
2018,State Rep 11,11,Clardy,R,Y,NA,NA,TRUE,NA,TRUE
2018,State Rep 11,11,Ward,R,N,NA,NA,FALSE,NA,NA
2018,State Rep 113,113,Boos,R,N,NA,NA,TRUE,NA,FALSE
2018,State Rep 113,113,Lauersdorf,R,N,NA,NA,FALSE,NA,NA
2018,State Rep 113,113,Phaup,R,N,NA,NA,FALSE,NA,NA
2018,State Rep 114,114,Luby Ryan,R,N,NA,NA,TRUE,NA,FALSE
2018,State Rep 114,114,Villalba,R,Y,NA,NA,FALSE,NA,NA
2018,State Rep 117,117,Berlanga,R,N,NA,NA,TRUE,NA,FALSE
2018,State Rep 117,117,Raymond,R,N,NA,NA,FALSE,NA,NA
2018,State Rep 121,121,Beebe,R,N,NA,NA,FALSE,FALSE,NA
2018,State Rep 121,121,Allison,R,N,NA,NA,FALSE,TRUE,TRUE
2018,State Rep 121,121,Soules,R,N,NA,NA,FALSE,NA,NA
2018,State Rep 121,121,Williamson,R,N,NA,NA,FALSE,NA,NA
2018,State Rep 121,121,Whyte,R,N,NA,NA,FALSE,NA,NA
2018,State Rep 121,121,Spears,R,N,NA,NA,FALSE,NA,NA
2018,State Rep 122,122,Larson,R,Y,NA,NA,TRUE,NA,TRUE
2018,State Rep 122,122,Fails,R,N,NA,NA,FALSE,NA,NA
2018,State Rep 126,126,Harless,R,N,NA,NA,TRUE,NA,TRUE
2018,State Rep 126,126,Fulton,R,N,NA,NA,FALSE,NA,NA
2018,State Rep 126,126,Stanart,R,N,NA,NA,FALSE,NA,NA
2018,State Rep 127,127,Huberty,R,Y,NA,NA,TRUE,NA,TRUE
2018,State Rep 127,127,Grant,R,N,NA,NA,FALSE,NA,NA
2018,State Rep 13,13,Wolfskill,R,N,NA,NA,FALSE,FALSE,NA
2018,State Rep 13,13,Leman,R,N,NA,NA,FALSE,TRUE,TRUE
2018,State Rep 13,13,Stall,R,N,NA,NA,FALSE,NA,NA
2018,State Rep 13,13,McCarthy,R,N,NA,NA,FALSE,NA,NA
2018,State Rep 13,13,Young,R,N,NA,NA,FALSE,NA,NA
2018,State Rep 134,134,Davis,R,Y,NA,NA,TRUE,NA,TRUE
2018,State Rep 134,134,Dokupil,R,N,NA,NA,FALSE,NA,NA
2018,State Rep 14,14,Raney,R,Y,NA,NA,TRUE,NA,TRUE
2018,State Rep 14,14,Laningham,R,N,NA,NA,FALSE,NA,NA
2018,State Rep 14,14,Davis,R,N,NA,NA,FALSE,NA,NA
2018,State Rep 14,14,Texeira,R,N,NA,NA,FALSE,NA,NA
2018,State Rep 144,144,Villarreal,R,N,NA,NA,TRUE,NA,FALSE
2018,State Rep 144,144,Pena,R,N,NA,NA,FALSE,NA,NA
2018,State Rep 15,15,Toth,R,N,NA,NA,TRUE,NA,TRUE
2018,State Rep 15,15,Waters,R,N,NA,NA,FALSE,NA,NA
2018,State Rep 150,150,Swanson,R,Y,NA,NA,TRUE,NA,TRUE
2018,State Rep 150,150,Wilson,R,N,NA,NA,FALSE,NA,NA
2018,State Rep 18,18,Bailes,R,Y,NA,NA,TRUE,NA,TRUE
2018,State Rep 18,18,Cook,R,N,NA,NA,FALSE,NA,NA
2018,State Rep 2,2,Flynn,R,Y,NA,NA,TRUE,NA,TRUE
2018,State Rep 2,2,Slaton,R,N,NA,NA,FALSE,NA,NA
2018,State Rep 23,23,Middleton,R,N,NA,NA,TRUE,NA,TRUE
2018,State Rep 23,23,Faircloth,R,Y,NA,NA,FALSE,NA,NA
2018,State Rep 25,25,Bonnen,R,Y,NA,NA,TRUE,NA,NA
2018,State Rep 25,25,Rambo,R,N,NA,NA,FALSE,NA,NA
2018,State Rep 4,4,Spitzer,R,N,NA,NA,FALSE,FALSE,NA
2018,State Rep 4,4,Bell,R,N,NA,NA,FALSE,TRUE,TRUE
2018,State Rep 4,4,McKee,R,N,NA,NA,FALSE,NA,NA
2018,State Rep 4,4,Brunner,R,N,NA,NA,FALSE,NA,NA
2018,State Rep 45,45,Strange,R,N,NA,NA,TRUE,NA,FALSE
2018,State Rep 45,45,Pearce,R,N,NA,NA,FALSE,NA,NA
2018,State Rep 45,45,Narvaiz,R,N,NA,NA,FALSE,NA,NA
2018,State Rep 45,45,Talley,R,N,NA,NA,FALSE,NA,NA
2018,State Rep 45,45,Akers,R,N,NA,NA,FALSE,NA,NA
2018,State Rep 47,47,Workman,R,Y,NA,NA,TRUE,NA,FALSE
2018,State Rep 47,47,Wiley,R,N,NA,NA,FALSE,NA,NA
2018,State Rep 47,47,Vredevelt,R,N,NA,NA,FALSE,NA,NA
2018,State Rep 52,52,Flores,R,N,NA,NA,TRUE,NA,FALSE
2018,State Rep 52,52,Story,R,N,NA,NA,FALSE,NA,NA
2018,State Rep 52,52,Ward,R,N,NA,NA,FALSE,NA,NA
2018,State Rep 54,54,Cosper,R,Y,NA,NA,FALSE,FALSE,NA
2018,State Rep 54,54,Buckley,R,N,NA,NA,FALSE,TRUE,TRUE
2018,State Rep 54,54,Smith,R,N,NA,NA,FALSE,NA,NA
2018,State Rep 55,55,Shine,R,Y,NA,NA,TRUE,NA,NA
2018,State Rep 55,55,Hall,R,N,NA,NA,FALSE,NA,NA
2018,State Rep 55,55,Grisham,R,N,NA,NA,FALSE,NA,NA
2018,State Rep 59,59,Sheffield,R,Y,NA,NA,TRUE,NA,NA
2018,State Rep 59,59,Evans,R,N,NA,NA,FALSE,NA,NA
2018,State Rep 6,6,Schaefer,R,Y,NA,NA,TRUE,NA,TRUE
2018,State Rep 6,6,Kamel,R,N,NA,NA,FALSE,NA,NA
2018,State Rep 60,60,Lang,R,Y,NA,NA,TRUE,NA,NA
2018,State Rep 60,60,Largent,R,N,NA,NA,FALSE,NA,NA
2018,State Rep 60,60,Risse,R,N,NA,NA,FALSE,NA,NA
2018,State Rep 62,62,Smith,R,N,NA,NA,FALSE,TRUE,TRUE
2018,State Rep 62,62,Lawson,R,N,NA,NA,FALSE,FALSE,NA
2018,State Rep 62,62,Couch,R,N,NA,NA,FALSE,NA,NA
2018,State Rep 64,64,Stucky,R,Y,NA,NA,TRUE,NA,TRUE
2018,State Rep 64,64,Roy,R,N,NA,NA,FALSE,NA,NA
2018,State Rep 65,65,Simmons,R,Y,NA,NA,TRUE,NA,FALSE
2018,State Rep 65,65,Simmons,R,N,NA,NA,FALSE,NA,NA
2018,State Rep 73,73,Biedermann,R,Y,NA,NA,TRUE,NA,TRUE
2018,State Rep 73,73,Campbell,R,N,NA,NA,FALSE,NA,NA
2018,State Rep 8,8,Harris,R,N,NA,NA,FALSE,TRUE,TRUE
2018,State Rep 8,8,McNutt,R,N,NA,NA,FALSE,FALSE,NA
2018,State Rep 8,8,Timmerman,R,N,NA,NA,FALSE,NA,NA
2018,State Rep 87,87,Price,R,Y,NA,NA,TRUE,NA,NA
2018,State Rep 87,87,Brassfield,R,N,NA,NA,FALSE,NA,NA
2018,State Rep 88,88,King,R,Y,NA,NA,TRUE,NA,TRUE
2018,State Rep 88,88,Huddleston,R,N,NA,NA,FALSE,NA,NA
2018,State Rep 88,88,Beyea,R,N,NA,NA,FALSE,NA,NA
2018,State Rep 89,89,Noble,R,N,NA,NA,TRUE,NA,TRUE
2018,State Rep 89,89,Payton,R,N,NA,NA,FALSE,NA,NA
2018,State Rep 9,9,Paddie,R,Y,NA,NA,TRUE,NA,NA
2018,State Rep 9,9,Boersma,R,N,NA,NA,FALSE,NA,NA
2018,State Rep 98,98,Capriglione,R,Y,NA,NA,TRUE,NA,TRUE
2018,State Rep 98,98,Mizani,R,N,NA,NA,FALSE,NA,NA
2018,State Rep 99,99,Geren,R,Y,NA,NA,TRUE,NA,TRUE
2018,State Rep 99,99,French,R,N,NA,NA,FALSE,NA,NA
2020,State Rep 10,10,Ellzey,R,N,NA,NA,TRUE,NA,TRUE
2020,State Rep 10,10,Pitts,R,N,NA,NA,FALSE,NA,NA
2020,State Rep 10,10,Rader,R,N,NA,NA,FALSE,NA,NA
2020,State Rep 102,102,Koop,R,N,NA,NA,TRUE,NA,FALSE
2020,State Rep 102,102,Walker,R,N,NA,NA,FALSE,NA,NA
2020,State Rep 103,103,Fortenberry,R,N,NA,NA,TRUE,NA,FALSE
2020,State Rep 103,103,Mecom,R,N,NA,NA,FALSE,NA,NA
2020,State Rep 106,106,Patterson,R,Y,NA,NA,TRUE,NA,TRUE
2020,State Rep 106,106,Trombley,R,N,NA,NA,FALSE,NA,NA
2020,State Rep 116,116,Litoff,R,N,NA,NA,TRUE,NA,FALSE
2020,State Rep 116,116,Padron,R,N,NA,NA,FALSE,NA,NA
2020,State Rep 120,120,Payne,R,N,NA,NA,TRUE,NA,FALSE
2020,State Rep 120,120,Vicencio,R,N,NA,NA,FALSE,NA,NA
2020,State Rep 127,127,Huberty,R,Y,NA,NA,TRUE,NA,TRUE
2020,State Rep 127,127,Ford,R,N,NA,NA,FALSE,NA,NA
2020,State Rep 128,128,Cain,R,Y,NA,NA,TRUE,NA,TRUE
2020,State Rep 128,128,Hoskins,R,N,NA,NA,FALSE,NA,NA
2020,State Rep 129,129,Paul,R,Y,NA,NA,TRUE,NA,TRUE
2020,State Rep 129,129,Lee,R,N,NA,NA,FALSE,NA,NA
2020,State Rep 132,132,Schofield,R,N,NA,NA,TRUE,NA,TRUE
2020,State Rep 132,132,Garcia,R,N,NA,NA,FALSE,NA,NA
2020,State Rep 135,135,Ray,R,N,NA,NA,TRUE,NA,FALSE
2020,State Rep 135,135,Beazley,R,N,NA,NA,FALSE,NA,NA
2020,State Rep 138,138,Hull,R,N,NA,NA,TRUE,NA,TRUE
2020,State Rep 138,138,Flynn,R,N,NA,NA,FALSE,NA,NA
2020,State Rep 138,138,Kamau-Imani,R,N,NA,NA,FALSE,NA,NA
2020,State Rep 2,2,Flynn,R,Y,NA,NA,FALSE,FALSE,NA
2020,State Rep 2,2,Slaton,R,N,NA,NA,FALSE,TRUE,TRUE
2020,State Rep 2,2,Collins,R,N,NA,NA,FALSE,NA,NA
2020,State Rep 25,25,Garrett,R,N,NA,NA,FALSE,FALSE,NA
2020,State Rep 25,25,Vasut,R,N,NA,NA,FALSE,TRUE,TRUE
2020,State Rep 25,25,Brimage,R,N,NA,NA,FALSE,NA,NA
2020,State Rep 25,25,Seth,R,N,NA,NA,FALSE,NA,NA
2020,State Rep 25,25,Thames,R,N,NA,NA,FALSE,NA,NA
2020,State Rep 26,26,Morgan,R,N,NA,NA,FALSE,FALSE,NA
2020,State Rep 26,26,Jetton,R,N,NA,NA,FALSE,TRUE,TRUE
2020,State Rep 26,26,Chan,R,N,NA,NA,FALSE,NA,NA
2020,State Rep 27,27,Virippan,R,N,NA,NA,TRUE,NA,FALSE
2020,State Rep 27,27,Seth,R,N,NA,NA,FALSE,NA,NA
2020,State Rep 28,28,Gates,R,Y,NA,NA,TRUE,NA,TRUE
2020,State Rep 28,28,Hammel,R,N,NA,NA,FALSE,NA,NA
2020,State Rep 30,30,Morrison,R,Y,NA,NA,TRUE,NA,NA
2020,State Rep 30,30,Hicks-Callaway,R,N,NA,NA,FALSE,NA,NA
2020,State Rep 45,45,Isaac,R,N,NA,NA,FALSE,TRUE,FALSE
2020,State Rep 45,45,Wymore,R,N,NA,NA,FALSE,FALSE,NA
2020,State Rep 45,45,Talley,R,N,NA,NA,FALSE,NA,NA
2020,State Rep 47,47,Fleck,R,N,NA,NA,FALSE,FALSE,NA
2020,State Rep 47,47,Berry,R,N,NA,NA,FALSE,TRUE,FALSE
2020,State Rep 47,47,Zimmerman,R,N,NA,NA,FALSE,NA,NA
2020,State Rep 47,47,Reitz,R,N,NA,NA,FALSE,NA,NA
2020,State Rep 47,47,Forgey,R,N,NA,NA,FALSE,NA,NA
2020,State Rep 49,49,Meyer,R,N,NA,NA,TRUE,NA,FALSE
2020,State Rep 49,49,Aragona,R,N,NA,NA,FALSE,NA,NA
2020,State Rep 59,59,Slawson,R,N,NA,NA,FALSE,TRUE,NA
2020,State Rep 59,59,Sheffield,R,Y,NA,NA,FALSE,FALSE,NA
2020,State Rep 59,59,Johnson,R,N,NA,NA,FALSE,NA,NA
2020,State Rep 60,60,Francis,R,N,NA,NA,FALSE,FALSE,NA
2020,State Rep 60,60,Rogers,R,N,NA,NA,FALSE,TRUE,NA
2020,State Rep 60,60,SoRelle,R,N,NA,NA,FALSE,NA,NA
2020,State Rep 60,60,Perricone,R,N,NA,NA,FALSE,NA,NA
2020,State Rep 65,65,Thimesch,R,N,NA,NA,TRUE,NA,FALSE
2020,State Rep 65,65,Cline,R,N,NA,NA,FALSE,NA,NA
2020,State Rep 72,72,Darby,R,Y,NA,NA,TRUE,NA,NA
2020,State Rep 72,72,Lucas,R,N,NA,NA,FALSE,NA,NA
2020,State Rep 74,74,Falcon,R,N,NA,NA,TRUE,NA,FALSE
2020,State Rep 74,74,Garza,R,N,NA,NA,FALSE,NA,NA
2020,State Rep 85,85,Stephenson,R,Y,NA,NA,TRUE,NA,TRUE
2020,State Rep 85,85,Boettcher,R,N,NA,NA,FALSE,NA,NA
2020,State Rep 85,85,Ayobami,R,N,NA,NA,FALSE,NA,NA
2020,State Rep 9,9,Paddie,R,Y,NA,NA,TRUE,NA,NA
2020,State Rep 9,9,Williams,R,N,NA,NA,FALSE,NA,NA
2020,State Rep 92,92,Cason,R,N,NA,NA,TRUE,NA,TRUE
2020,State Rep 92,92,Griffin,R,N,NA,NA,FALSE,NA,NA
2020,State Rep 92,92,Gillig,R,N,NA,NA,FALSE,NA,NA
2022,State Rep 1,1,VanDeaver,R,Y,NA,NA,TRUE,NA,NA
2022,State Rep 1,1,Lavender,R,N,NA,NA,FALSE,NA,NA
2022,State Rep 1,1,Null,R,N,NA,NA,FALSE,NA,NA
2022,State Rep 105,105,Meagher,R,N,NA,NA,TRUE,NA,FALSE
2022,State Rep 105,105,Hernandez,R,N,NA,NA,FALSE,NA,NA
2022,State Rep 11,11,Clardy,R,Y,NA,NA,TRUE,NA,NA
2022,State Rep 11,11,Hale,R,N,NA,NA,FALSE,NA,NA
2022,State Rep 11,11,Caldwell,R,N,NA,NA,FALSE,NA,NA
2022,State Rep 11,11,Williams,R,N,NA,NA,FALSE,NA,NA
2022,State Rep 12,12,Kacal,R,Y,NA,NA,FALSE,TRUE,NA
2022,State Rep 12,12,Bius,R,N,NA,NA,FALSE,FALSE,NA
2022,State Rep 12,12,Hamm,R,N,NA,NA,FALSE,NA,NA
2022,State Rep 121,121,Allison,R,Y,NA,NA,TRUE,NA,TRUE
2022,State Rep 121,121,Champion,R,N,NA,NA,FALSE,NA,NA
2022,State Rep 122,122,Chan,R,N,NA,NA,FALSE,FALSE,NA
2022,State Rep 122,122,Dorazio,R,N,NA,NA,FALSE,TRUE,TRUE
2022,State Rep 122,122,Blanchard,R,N,NA,NA,FALSE,NA,NA
2022,State Rep 122,122,Cuthbert,R,N,NA,NA,FALSE,NA,NA
2022,State Rep 127,127,Cunningham,R,N,NA,NA,TRUE,NA,NA
2022,State Rep 127,127,Robertson,R,N,NA,NA,FALSE,NA,NA
2022,State Rep 13,13,Orr,R,N,NA,NA,TRUE,NA,TRUE
2022,State Rep 13,13,Wilson,R,N,NA,NA,FALSE,NA,NA
2022,State Rep 132,132,Schofield,R,Y,NA,NA,TRUE,NA,TRUE
2022,State Rep 132,132,Le,R,N,NA,NA,FALSE,NA,NA
2022,State Rep 133,133,Barineau,R,N,NA,NA,FALSE,FALSE,NA
2022,State Rep 133,133,DeAyala,R,N,NA,NA,FALSE,TRUE,TRUE
2022,State Rep 133,133,Travis,R,N,NA,NA,FALSE,NA,NA
2022,State Rep 133,133,Franklin,R,N,NA,NA,FALSE,NA,NA
2022,State Rep 133,133,Keller,R,N,NA,NA,FALSE,NA,NA
2022,State Rep 134,134,McConnico,R,N,NA,NA,TRUE,NA,FALSE
2022,State Rep 134,134,Dominguez,R,N,NA,NA,FALSE,NA,NA
2022,State Rep 135,135,Hagerty,R,N,NA,NA,TRUE,NA,NA
2022,State Rep 135,135,May,R,N,NA,NA,FALSE,NA,FALSE
2022,State Rep 136,136,Evans,R,N,NA,NA,TRUE,NA,FALSE
2022,State Rep 136,136,Salahuddin,R,N,NA,NA,FALSE,NA,NA
2022,State Rep 138,138,Hull,R,Y,NA,NA,TRUE,NA,TRUE
2022,State Rep 138,138,Flynn,R,N,NA,NA,FALSE,NA,NA
2022,State Rep 138,138,Kalmbach,R,N,NA,NA,FALSE,NA,NA
2022,State Rep 14,14,Raney,R,Y,NA,NA,TRUE,NA,TRUE
2022,State Rep 14,14,Slocum,R,N,NA,NA,FALSE,NA,NA
2022,State Rep 147,147,Jones,R,N,NA,NA,TRUE,NA,NA
2022,State Rep 147,147,Baylor,R,N,NA,NA,FALSE,NA,NA
2022,State Rep 15,15,Toth,R,Y,NA,NA,TRUE,NA,TRUE
2022,State Rep 15,15,Blair,R,N,NA,NA,FALSE,NA,NA
2022,State Rep 150,150,Swanson,R,Y,NA,NA,TRUE,NA,TRUE
2022,State Rep 150,150,Riddle,R,N,NA,NA,FALSE,NA,NA
2022,State Rep 150,150,McGilvrey,R,N,NA,NA,FALSE,NA,NA
2022,State Rep 150,150,Le,R,N,NA,NA,FALSE,NA,NA
2022,State Rep 17,17,Gerdes,R,N,NA,NA,FALSE,TRUE,TRUE
2022,State Rep 17,17,Pape,R,N,NA,NA,FALSE,FALSE,NA
2022,State Rep 17,17,Glass,R,N,NA,NA,FALSE,NA,NA
2022,State Rep 17,17,Rutledge,R,N,NA,NA,FALSE,NA,NA
2022,State Rep 17,17,Bezner,R,N,NA,NA,FALSE,NA,NA
2022,State Rep 18,18,Bailes,R,Y,NA,NA,TRUE,NA,NA
2022,State Rep 18,18,Holt,R,N,NA,NA,FALSE,NA,NA
2022,State Rep 18,18,Tullos,R,N,NA,NA,FALSE,NA,NA
2022,State Rep 18,18,Missick,R,N,NA,NA,FALSE,NA,NA
2022,State Rep 19,19,Troxclair,R,N,NA,NA,FALSE,TRUE,TRUE
2022,State Rep 19,19,Berry,R,N,NA,NA,FALSE,FALSE,NA
2022,State Rep 19,19,Devine,R,N,NA,NA,FALSE,NA,NA
2022,State Rep 19,19,Hopkins,R,N,NA,NA,FALSE,NA,NA
2022,State Rep 2,2,Slaton,R,Y,NA,NA,TRUE,NA,NA
2022,State Rep 2,2,Bostick,R,N,NA,NA,FALSE,NA,NA
2022,State Rep 23,23,Gurski,R,N,NA,NA,FALSE,FALSE,NA
2022,State Rep 23,23,Leo-Wilson,R,N,NA,NA,FALSE,TRUE,TRUE
2022,State Rep 23,23,Longoria,R,N,NA,NA,FALSE,NA,NA
2022,State Rep 23,23,Smith,R,N,NA,NA,FALSE,NA,NA
2022,State Rep 28,28,Gates,R,Y,NA,NA,TRUE,NA,TRUE
2022,State Rep 28,28,Boettcher,R,N,NA,NA,FALSE,NA,NA
2022,State Rep 3,3,Bell,R,Y,NA,NA,TRUE,NA,NA
2022,State Rep 3,3,McDonald,R,N,NA,NA,FALSE,NA,NA
2022,State Rep 31,31,Guillen,R,Y,NA,NA,TRUE,NA,TRUE
2022,State Rep 31,31,Monreal,R,N,NA,NA,FALSE,NA,NA
2022,State Rep 31,31,Berlanga,R,N,NA,NA,FALSE,NA,NA
2022,State Rep 33,33,Holland,R,Y,NA,NA,TRUE,NA,TRUE
2022,State Rep 33,33,London,R,N,NA,NA,FALSE,NA,NA
2022,State Rep 33,33,Lamarca,R,N,NA,NA,FALSE,NA,NA
2022,State Rep 34,34,Vaughn,R,N,NA,NA,TRUE,NA,FALSE
2022,State Rep 34,34,Hernandez,R,N,NA,NA,FALSE,NA,NA
2022,State Rep 37,37,Lopez,R,N,NA,NA,TRUE,NA,TRUE
2022,State Rep 37,37,Rivera,R,N,NA,NA,FALSE,NA,NA
2022,State Rep 5,5,Hefner,R,Y,NA,NA,TRUE,NA,NA
2022,State Rep 5,5,Collier,R,N,NA,NA,FALSE,NA,NA
2022,State Rep 52,52,McGuinness,R,N,NA,NA,FALSE,FALSE,NA
2022,State Rep 52,52,Harris,R,N,NA,NA,FALSE,TRUE,TRUE
2022,State Rep 52,52,Jarrin,R,N,NA,NA,FALSE,NA,NA
2022,State Rep 52,52,Schober,R,N,NA,NA,FALSE,NA,NA
2022,State Rep 53,53,Murr,R,Y,NA,NA,TRUE,NA,TRUE
2022,State Rep 53,53,Virdell,R,N,NA,NA,FALSE,NA,NA
2022,State Rep 57,57,Hayes,R,N,NA,NA,TRUE,NA,TRUE
2022,State Rep 57,57,Poole,R,N,NA,NA,FALSE,NA,NA
2022,State Rep 57,57,Haines,R,N,NA,NA,FALSE,NA,NA
2022,State Rep 6,6,Schaefer,R,Y,NA,NA,TRUE,NA,TRUE
2022,State Rep 6,6,Turner,R,N,NA,NA,FALSE,NA,NA
2022,State Rep 60,60,Rogers,R,Y,NA,NA,FALSE,TRUE,NA
2022,State Rep 60,60,Olcott,R,N,NA,NA,FALSE,FALSE,NA
2022,State Rep 60,60,Marshall,R,N,NA,NA,FALSE,NA,NA
2022,State Rep 60,60,Turner,R,N,NA,NA,FALSE,NA,NA
2022,State Rep 61,61,Frazier,R,N,NA,NA,FALSE,TRUE,TRUE
2022,State Rep 61,61,Chabot,R,N,NA,NA,FALSE,FALSE,NA
2022,State Rep 61,61,Herblin,R,N,NA,NA,FALSE,NA,NA
2022,State Rep 62,62,Smith,R,Y,NA,NA,TRUE,NA,NA
2022,State Rep 62,62,Luther,R,N,NA,NA,FALSE,NA,NA
2022,State Rep 63,63,Bumgarner,R,N,NA,NA,FALSE,TRUE,TRUE
2022,State Rep 63,63,Younger,R,N,NA,NA,FALSE,FALSE,NA
2022,State Rep 63,63,Sanders,R,N,NA,NA,FALSE,NA,NA
2022,State Rep 63,63,Collier,R,N,NA,NA,FALSE,NA,NA
2022,State Rep 64,64,Stucky,R,Y,NA,NA,TRUE,NA,NA
2022,State Rep 64,64,Hopper,R,N,NA,NA,FALSE,NA,NA
2022,State Rep 65,65,Thimesch,R,N,NA,NA,TRUE,NA,TRUE
2022,State Rep 65,65,Inge,R,N,NA,NA,FALSE,NA,NA
2022,State Rep 65,65,Cooksey,R,N,NA,NA,FALSE,NA,NA
2022,State Rep 67,67,Leach,R,Y,NA,NA,TRUE,NA,TRUE
2022,State Rep 67,67,Schmoker,R,N,NA,NA,FALSE,NA,NA
2022,State Rep 68,68,Spiller,R,Y,NA,NA,TRUE,NA,NA
2022,State Rep 68,68,Middleton,R,N,NA,NA,FALSE,NA,NA
2022,State Rep 68,68,Carter,R,N,NA,NA,FALSE,NA,NA
2022,State Rep 68,68,Franklin,R,N,NA,NA,FALSE,NA,NA
2022,State Rep 70,70,Jolly,R,N,NA,NA,FALSE,TRUE,FALSE
2022,State Rep 70,70,Bowlin,R,N,NA,NA,FALSE,FALSE,NA
2022,State Rep 70,70,Padgett,R,N,NA,NA,FALSE,NA,NA
2022,State Rep 70,70,Chandler,R,N,NA,NA,FALSE,NA,NA
2022,State Rep 70,70,Buggs,R,N,NA,NA,FALSE,NA,NA
2022,State Rep 71,71,Lambert,R,Y,NA,NA,TRUE,NA,TRUE
2022,State Rep 71,71,Weatherby,R,N,NA,NA,FALSE,NA,NA
2022,State Rep 73,73,Casteel,R,N,NA,NA,FALSE,FALSE,NA
2022,State Rep 73,73,Isaac,R,N,NA,NA,FALSE,TRUE,TRUE
2022,State Rep 73,73,Green,R,N,NA,NA,FALSE,NA,NA
2022,State Rep 76,76,Mathews,R,N,NA,NA,TRUE,NA,FALSE
2022,State Rep 76,76,Cherivirala,R,N,NA,NA,FALSE,NA,NA
2022,State Rep 76,76,Khan,R,N,NA,NA,FALSE,NA,NA
2022,State Rep 81,81,Landgraf,R,Y,NA,NA,TRUE,NA,NA
2022,State Rep 81,81,Gray,R,N,NA,NA,FALSE,NA,NA
2022,State Rep 83,83,Burrows,R,Y,NA,NA,TRUE,NA,NA
2022,State Rep 83,83,Jordan,R,N,NA,NA,FALSE,NA,NA
2022,State Rep 84,84,Glasheen,R,N,NA,NA,FALSE,FALSE,NA
2022,State Rep 84,84,Tepper,R,N,NA,NA,FALSE,TRUE,NA
2022,State Rep 84,84,Wilcox,R,N,NA,NA,FALSE,NA,NA
2022,State Rep 84,84,Little,R,N,NA,NA,FALSE,NA,NA
2022,State Rep 85,85,Stephenson,R,Y,NA,NA,FALSE,FALSE,NA
2022,State Rep 85,85,Kitzman,R,N,NA,NA,FALSE,TRUE,TRUE
2022,State Rep 85,85,Roberts,R,N,NA,NA,FALSE,NA,NA
2022,State Rep 85,85,Hernandez,R,N,NA,NA,FALSE,NA,NA
2022,State Rep 88,88,King,R,Y,NA,NA,TRUE,NA,NA
2022,State Rep 88,88,Hutto,R,N,NA,NA,FALSE,NA,NA
2022,State Rep 91,91,Klick,R,Y,NA,NA,FALSE,TRUE,NA
2022,State Rep 91,91,Lowe,R,N,NA,NA,FALSE,FALSE,NA
2022,State Rep 91,91,Reed,R,N,NA,NA,FALSE,NA,NA
2022,State Rep 91,91,Silvey,R,N,NA,NA,FALSE,NA,NA
2022,State Rep 91,91,Damico,R,N,NA,NA,FALSE,NA,NA
2022,State Rep 93,93,Schatzline,R,N,NA,NA,FALSE,TRUE,TRUE
2022,State Rep 93,93,Hill,R,N,NA,NA,FALSE,FALSE,NA
2022,State Rep 93,93,Moon,R,N,NA,NA,FALSE,NA,NA
2022,State Rep 98,98,Capriglione,R,Y,NA,NA,TRUE,NA,TRUE
2022,State Rep 98,98,Ryan,R,N,NA,NA,FALSE,NA,NA
2024,State Rep 1,1,VanDeaver,R,Y,NA,NA,FALSE,NA,NA
2024,State Rep 1,1,Spencer,R,N,NA,NA,FALSE,NA,NA
2024,State Rep 1,1,Huls,R,N,NA,NA,FALSE,NA,NA
2024,State Rep 108,108,Meyer,R,Y,NA,NA,TRUE,NA,TRUE
2024,State Rep 108,108,Wernick,R,N,NA,NA,FALSE,NA,NA
2024,State Rep 11,11,Shofner,R,N,NA,NA,TRUE,NA,NA
2024,State Rep 11,11,Clardy,R,Y,NA,NA,FALSE,NA,NA
2024,State Rep 112,112,Button,R,Y,NA,NA,TRUE,NA,TRUE
2024,State Rep 112,112,Carnahan,R,N,NA,NA,FALSE,NA,NA
2024,State Rep 119,119,Grable,R,N,NA,NA,TRUE,NA,FALSE
2024,State Rep 119,119,Sawatzki,R,N,NA,NA,FALSE,NA,NA
2024,State Rep 12,12,Wharton,R,N,NA,NA,FALSE,NA,TRUE
2024,State Rep 12,12,Bius,R,N,NA,NA,FALSE,NA,NA
2024,State Rep 12,12,Slocum,R,N,NA,NA,FALSE,NA,NA
2024,State Rep 121,121,LaHood,R,N,NA,NA,TRUE,NA,TRUE
2024,State Rep 121,121,Allison,R,Y,NA,NA,FALSE,NA,NA
2024,State Rep 121,121,Champion,R,N,NA,NA,FALSE,NA,NA
2024,State Rep 128,128,Cain,R,Y,NA,NA,TRUE,NA,TRUE
2024,State Rep 128,128,Gracia,R,N,NA,NA,FALSE,NA,NA
2024,State Rep 133,133,DeAyala,R,Y,NA,NA,TRUE,NA,NA
2024,State Rep 133,133,Perez,R,N,NA,NA,FALSE,NA,NA
2024,State Rep 138,138,Hull,R,Y,NA,NA,TRUE,NA,TRUE
2024,State Rep 138,138,Woodfill,R,N,NA,NA,FALSE,NA,NA
2024,State Rep 14,14,Dyson,R,N,NA,NA,TRUE,NA,TRUE
2024,State Rep 14,14,Davis,R,N,NA,NA,FALSE,NA,NA
2024,State Rep 15,15,Toth,R,Y,NA,NA,TRUE,NA,NA
2024,State Rep 15,15,Hubert,R,N,NA,NA,FALSE,NA,NA
2024,State Rep 17,17,Gerdes,R,Y,NA,NA,TRUE,NA,TRUE
2024,State Rep 17,17,Glass,R,N,NA,NA,FALSE,NA,NA
2024,State Rep 18,18,Holt,R,N,NA,NA,TRUE,NA,TRUE
2024,State Rep 18,18,Bailes,R,Y,NA,NA,FALSE,NA,NA
2024,State Rep 18,18,Missick,R,N,NA,NA,FALSE,NA,NA
2024,State Rep 19,19,Troxclair,R,Y,NA,NA,TRUE,NA,TRUE
2024,State Rep 19,19,Biedermann,R,N,NA,NA,FALSE,NA,NA
2024,State Rep 19,19,Campos,R,N,NA,NA,FALSE,NA,NA
2024,State Rep 2,2,Money,R,N,NA,NA,TRUE,NA,TRUE
2024,State Rep 2,2,Dutton,R,Y,NA,NA,FALSE,NA,NA
2024,State Rep 20,20,Wilson,R,Y,NA,NA,TRUE,NA,TRUE
2024,State Rep 20,20,Chapa,R,N,NA,NA,FALSE,NA,NA
2024,State Rep 21,21,Covey,R,N,NA,NA,FALSE,NA,NA
2024,State Rep 21,21,Phelan,R,Y,NA,NA,FALSE,NA,NA
2024,State Rep 21,21,Davis,R,N,NA,NA,FALSE,NA,NA
2024,State Rep 24,24,Bonnen,R,Y,NA,NA,TRUE,NA,NA
2024,State Rep 24,24,Ramirez,R,N,NA,NA,FALSE,NA,NA
2024,State Rep 26,26,Morgan,R,N,NA,NA,TRUE,NA,TRUE
2024,State Rep 26,26,Jetton,R,Y,NA,NA,FALSE,NA,NA
2024,State Rep 26,26,Huang,R,N,NA,NA,FALSE,NA,NA
2024,State Rep 28,28,Gates,R,Y,NA,NA,TRUE,NA,TRUE
2024,State Rep 28,28,Mathews,R,N,NA,NA,FALSE,NA,NA
2024,State Rep 29,29,Barry,R,N,NA,NA,FALSE,NA,TRUE
2024,State Rep 29,29,Kamkar,R,N,NA,NA,FALSE,NA,NA
2024,State Rep 29,29,Pacheco,R,N,NA,NA,FALSE,NA,NA
2024,State Rep 29,29,Perez,R,N,NA,NA,FALSE,NA,NA
2024,State Rep 30,30,Bauknight,R,N,NA,NA,FALSE,NA,NA
2024,State Rep 30,30,Louderback,R,N,NA,NA,FALSE,NA,TRUE
2024,State Rep 30,30,Hicks-Callaway,R,N,NA,NA,FALSE,NA,NA
2024,State Rep 30,30,Baldwin,R,N,NA,NA,FALSE,NA,NA
2024,State Rep 33,33,Pierson,R,N,NA,NA,FALSE,NA,NA
2024,State Rep 33,33,Holland,R,Y,NA,NA,FALSE,NA,NA
2024,State Rep 33,33,London,R,N,NA,NA,FALSE,NA,NA
2024,State Rep 4,4,Bell,R,Y,NA,NA,TRUE,NA,TRUE
2024,State Rep 4,4,Feuerstein,R,N,NA,NA,FALSE,NA,NA
2024,State Rep 44,44,Schoolcraft,R,N,NA,NA,FALSE,NA,TRUE
2024,State Rep 44,44,Kuempel,R,Y,NA,NA,FALSE,NA,NA
2024,State Rep 44,44,Switzer,R,N,NA,NA,FALSE,NA,NA
2024,State Rep 44,44,Freimarck,R,N,NA,NA,FALSE,NA,NA
2024,State Rep 5,5,Hefner,R,Y,NA,NA,TRUE,NA,TRUE
2024,State Rep 5,5,Fletcher,R,N,NA,NA,FALSE,NA,NA
2024,State Rep 5,5,Collier,R,N,NA,NA,FALSE,NA,NA
2024,State Rep 53,53,Virdell,R,N,NA,NA,TRUE,NA,TRUE
2024,State Rep 53,53,Smith,R,N,NA,NA,FALSE,NA,NA
2024,State Rep 55,55,Hickland,R,N,NA,NA,TRUE,NA,TRUE
2024,State Rep 55,55,Shine,R,Y,NA,NA,FALSE,NA,NA
2024,State Rep 55,55,Ford,R,N,NA,NA,FALSE,NA,NA
2024,State Rep 55,55,Estrada,R,N,NA,NA,FALSE,NA,NA
2024,State Rep 56,56,Curry,R,N,NA,NA,TRUE,NA,TRUE
2024,State Rep 56,56,Duke,R,N,NA,NA,FALSE,NA,NA
2024,State Rep 58,58,Kerwin,R,N,NA,NA,FALSE,NA,TRUE
2024,State Rep 58,58,Burns,R,Y,NA,NA,FALSE,NA,NA
2024,State Rep 58,58,Laird,R,N,NA,NA,FALSE,NA,NA
2024,State Rep 60,60,Olcott,R,N,NA,NA,TRUE,NA,NA
2024,State Rep 60,60,Rogers,R,Y,NA,NA,FALSE,NA,NA
2024,State Rep 61,61,Richardson,R,N,NA,NA,FALSE,NA,TRUE
2024,State Rep 61,61,Frazier,R,Y,NA,NA,FALSE,NA,NA
2024,State Rep 61,61,Branch,R,N,NA,NA,FALSE,NA,NA
2024,State Rep 62,62,Luther,R,N,NA,NA,TRUE,NA,TRUE
2024,State Rep 62,62,Smith,R,Y,NA,NA,FALSE,NA,NA
2024,State Rep 63,63,Bumgarner,R,Y,NA,NA,TRUE,NA,TRUE
2024,State Rep 63,63,Gallo,R,N,NA,NA,FALSE,NA,NA
2024,State Rep 63,63,Andino,R,N,NA,NA,FALSE,NA,NA
2024,State Rep 64,64,Hopper,R,N,NA,NA,FALSE,NA,TRUE
2024,State Rep 64,64,Stucky,R,Y,NA,NA,FALSE,NA,NA
2024,State Rep 64,64,Hays,R,N,NA,NA,FALSE,NA,NA
2024,State Rep 65,65,Little,R,N,NA,NA,TRUE,NA,TRUE
2024,State Rep 65,65,Thimesch,R,Y,NA,NA,FALSE,NA,NA
2024,State Rep 66,66,Shaheen,R,Y,NA,NA,TRUE,NA,TRUE
2024,State Rep 66,66,Richard,R,N,NA,NA,FALSE,NA,NA
2024,State Rep 67,67,Leach,R,Y,NA,NA,TRUE,NA,TRUE
2024,State Rep 67,67,Meis,R,N,NA,NA,FALSE,NA,NA
2024,State Rep 68,68,Spiller,R,Y,NA,NA,TRUE,NA,TRUE
2024,State Rep 68,68,Kingsbery,R,N,NA,NA,FALSE,NA,NA
2024,State Rep 7,7,Dean,R,Y,NA,NA,TRUE,NA,TRUE
2024,State Rep 7,7,McDaniel,R,N,NA,NA,FALSE,NA,NA
2024,State Rep 7,7,Walters,R,N,NA,NA,FALSE,NA,NA
2024,State Rep 70,70,Kinard,R,N,NA,NA,TRUE,NA,FALSE
2024,State Rep 70,70,Collins,R,N,NA,NA,FALSE,NA,NA
2024,State Rep 71,71,Lambert,R,Y,NA,NA,TRUE,NA,TRUE
2024,State Rep 71,71,Case,R,N,NA,NA,FALSE,NA,NA
2024,State Rep 72,72,Darby,R,Y,NA,NA,TRUE,NA,NA
2024,State Rep 72,72,Bradley,R,N,NA,NA,FALSE,NA,NA
2024,State Rep 74,74,Garza,R,N,NA,NA,TRUE,NA,FALSE
2024,State Rep 74,74,McLeon,R,N,NA,NA,FALSE,NA,NA
2024,State Rep 76,76,Kanwal,R,N,NA,NA,FALSE,NA,NA
2024,State Rep 76,76,Simmons,R,N,NA,NA,FALSE,NA,FALSE
2024,State Rep 76,76,David,R,N,NA,NA,FALSE,NA,NA
2024,State Rep 8,8,Harris,R,Y,NA,NA,TRUE,NA,TRUE
2024,State Rep 8,8,Curtis,R,N,NA,NA,FALSE,NA,NA
2024,State Rep 80,80,McLaughlin,R,N,NA,NA,TRUE,NA,TRUE
2024,State Rep 80,80,Ramirez,R,N,NA,NA,FALSE,NA,NA
2024,State Rep 80,80,Powell,R,N,NA,NA,FALSE,NA,NA
2024,State Rep 83,83,Burrows,R,Y,NA,NA,TRUE,NA,NA
2024,State Rep 83,83,Cowan,R,N,NA,NA,FALSE,NA,NA
2024,State Rep 85,85,Kitzman,R,Y,NA,NA,TRUE,NA,NA
2024,State Rep 85,85,Greeson,R,N,NA,NA,FALSE,NA,NA
2024,State Rep 86,86,Smithee,R,Y,NA,NA,TRUE,NA,NA
2024,State Rep 86,86,Haynes,R,N,NA,NA,FALSE,NA,NA
2024,State Rep 87,87,Fairly,R,N,NA,NA,TRUE,NA,TRUE
2024,State Rep 87,87,Bulla,R,N,NA,NA,FALSE,NA,NA
2024,State Rep 87,87,Beyea,R,N,NA,NA,FALSE,NA,NA
2024,State Rep 87,87,Quackenbsh,R,N,NA,NA,FALSE,NA,NA
2024,State Rep 88,88,King,R,Y,NA,NA,TRUE,NA,NA
2024,State Rep 88,88,Post,R,N,NA,NA,FALSE,NA,NA
2024,State Rep 89,89,Noble,R,Y,NA,NA,TRUE,NA,TRUE
2024,State Rep 89,89,George,R,N,NA,NA,FALSE,NA,NA
2024,State Rep 9,9,Ashby,R,Y,NA,NA,TRUE,NA,NA
2024,State Rep 9,9,Carson,R,N,NA,NA,FALSE,NA,NA
2024,State Rep 91,91,Klick,R,Y,NA,NA,FALSE,NA,NA
2024,State Rep 91,91,Lowe,R,N,NA,NA,FALSE,NA,NA
2024,State Rep 91,91,Ramirez,R,N,NA,NA,FALSE,NA,NA
2024,State Rep 97,97,Bean,R,N,NA,NA,FALSE,NA,NA
2024,State Rep 97,97,McQueeney,R,N,NA,NA,FALSE,NA,TRUE
2024,State Rep 97,97,Robnett,R,N,NA,NA,FALSE,NA,NA
2024,State Rep 98,98,Capriglione,R,Y,NA,NA,TRUE,NA,TRUE
2024,State Rep 98,98,Schofield,R,N,NA,NA,FALSE,NA,NA
2024,State Rep 99,99,Geren,R,Y,NA,NA,TRUE,NA,TRUE
2024,State Rep 99,99,Reynolds,R,N,NA,NA,FALSE,NA,NA
2016,State Rep 10,10,Wray,R,Y,NA,NA,NA,NA,TRUE
2016,State Rep 10,10,Richter,L,N,NA,NA,NA,NA,FALSE
2016,State Rep 100,100,Johnson,D,Y,NA,NA,NA,NA,TRUE
2016,State Rep 100,100,Marcus,L,N,NA,NA,NA,NA,FALSE
2016,State Rep 101,101,Turner,D,Y,NA,NA,NA,NA,TRUE
2016,State Rep 101,101,Garza,R,N,NA,NA,NA,NA,FALSE
2016,State Rep 102,102,Koop,R,Y,NA,NA,NA,NA,TRUE
2016,State Rep 102,102,Irvin,D,N,NA,NA,NA,NA,FALSE
2016,State Rep 105,105,Anderson,R,Y,NA,NA,NA,NA,TRUE
2016,State Rep 105,105,Meza,D,N,NA,NA,NA,NA,FALSE
2016,State Rep 106,106,Caston,L,N,NA,NA,NA,NA,FALSE
2016,State Rep 107,107,Neave,D,N,NA,NA,NA,NA,TRUE
2016,State Rep 107,107,Sheets,R,Y,NA,NA,NA,NA,FALSE
2016,State Rep 108,108,Meyer,R,Y,NA,NA,NA,NA,TRUE
2016,State Rep 108,108,Smith,L,N,NA,NA,NA,NA,FALSE
2016,State Rep 109,109,Giddings,D,Y,NA,NA,NA,NA,TRUE
2016,State Rep 109,109,Russell,R,N,NA,NA,NA,NA,FALSE
2016,State Rep 11,11,Wright,D,N,NA,NA,NA,NA,FALSE
2016,State Rep 111,111,Davis,D,Y,NA,NA,NA,NA,TRUE
2016,State Rep 111,111,Jackson,R,N,NA,NA,NA,NA,FALSE
2016,State Rep 112,112,Blackshear,D,N,NA,NA,NA,NA,FALSE
2016,State Rep 113,113,Bowers,D,N,NA,NA,NA,NA,FALSE
2016,State Rep 114,114,Burke,D,N,NA,NA,NA,NA,FALSE
2016,State Rep 114,114,Holan,L,N,NA,NA,NA,NA,FALSE
2016,State Rep 115,115,Ocker,D,N,NA,NA,NA,NA,FALSE
2016,State Rep 117,117,Cortez,D,N,NA,NA,NA,NA,TRUE
2016,State Rep 117,117,Galindo,R,Y,NA,NA,NA,NA,FALSE
2016,State Rep 117,117,Raymond,W,N,NA,NA,NA,NA,FALSE
2016,State Rep 120,120,Thompson,I,Y,NA,NA,NA,NA,FALSE
2016,State Rep 126,126,Roberts,R,N,NA,NA,NA,NA,TRUE
2016,State Rep 126,126,Moquin,L,N,NA,NA,NA,NA,FALSE
2016,State Rep 127,127,Ford,L,N,NA,NA,NA,NA,FALSE
2016,State Rep 127,127,McElligott,G,N,NA,NA,NA,NA,FALSE
2016,State Rep 128,128,Lowder,L,N,NA,NA,NA,NA,FALSE
2016,State Rep 13,13,Schubert,R,Y,NA,NA,NA,NA,TRUE
2016,State Rep 13,13,Webster,D,N,NA,NA,NA,NA,FALSE
2016,State Rep 132,132,Schofield,R,Y,NA,NA,NA,NA,TRUE
2016,State Rep 132,132,Kurtz,L,N,NA,NA,NA,NA,FALSE
2016,State Rep 134,134,Rose,D,N,NA,NA,NA,NA,FALSE
2016,State Rep 134,134,Velasquez,L,N,NA,NA,NA,NA,FALSE
2016,State Rep 135,135,Elkins,R,Y,NA,NA,NA,NA,TRUE
2016,State Rep 135,135,Ybanez,D,N,NA,NA,NA,NA,FALSE
2016,State Rep 136,136,Dale,R,Y,NA,NA,NA,NA,TRUE
2016,State Rep 136,136,Gordon,D,N,NA,NA,NA,NA,FALSE
2016,State Rep 137,137,Baker,R,N,NA,NA,NA,NA,FALSE
2016,State Rep 137,137,Biggs,L,N,NA,NA,NA,NA,FALSE
2016,State Rep 144,144,Pena,R,Y,NA,NA,NA,NA,FALSE
2016,State Rep 146,146,Thierry,D,N,NA,NA,NA,NA,TRUE
2016,State Rep 146,146,Owens,W,N,NA,NA,NA,NA,FALSE
2016,State Rep 147,147,Coleman,D,Y,NA,NA,NA,NA,TRUE
2016,State Rep 147,147,Murphy,R,N,NA,NA,NA,NA,FALSE
2016,State Rep 147,147,Harrison,G,N,NA,NA,NA,NA,FALSE
2016,State Rep 149,149,Chu,R,N,NA,NA,NA,NA,FALSE
2016,State Rep 150,150,Kelly,D,N,NA,NA,NA,NA,FALSE
2016,State Rep 18,18,Nagel,L,N,NA,NA,NA,NA,FALSE
2016,State Rep 23,23,Faircloth,R,Y,NA,NA,NA,NA,TRUE
2016,State Rep 23,23,Criss,D,N,NA,NA,NA,NA,FALSE
2016,State Rep 26,26,Miller,R,Y,NA,NA,NA,NA,TRUE
2016,State Rep 26,26,DeMerchant,D,N,NA,NA,NA,NA,FALSE
2016,State Rep 29,29,Thompson,R,Y,NA,NA,NA,NA,TRUE
2016,State Rep 29,29,Floyd,D,N,NA,NA,NA,NA,FALSE
2016,State Rep 33,33,Donaldson,L,N,NA,NA,NA,NA,FALSE
2016,State Rep 40,40,Canales,D,Y,NA,NA,NA,NA,TRUE
2016,State Rep 40,40,De Leon,R,N,NA,NA,NA,NA,FALSE
2016,State Rep 41,41,Guerra,D,Y,NA,NA,NA,NA,TRUE
2016,State Rep 41,41,Garza DeShazo,R,N,NA,NA,NA,NA,FALSE
2016,State Rep 43,43,Lozano,R,Y,NA,NA,NA,NA,TRUE
2016,State Rep 43,43,Garcia-Utley,D,N,NA,NA,NA,NA,FALSE
2016,State Rep 44,44,Kuempel,R,Y,NA,NA,NA,NA,TRUE
2016,State Rep 44,44,Bohmfalk,D,N,NA,NA,NA,NA,FALSE
2016,State Rep 46,46,Dukes,D,Y,NA,NA,NA,NA,TRUE
2016,State Rep 46,46,Nila,R,N,NA,NA,NA,NA,FALSE
2016,State Rep 46,46,Ludlow,L,N,NA,NA,NA,NA,FALSE
2016,State Rep 46,46,Greeley,G,N,NA,NA,NA,NA,FALSE
2016,State Rep 47,47,Jordan,D,N,NA,NA,NA,NA,FALSE
2016,State Rep 47,47,McKinlay,L,N,NA,NA,NA,NA,FALSE
2016,State Rep 48,48,Howard,D,Y,NA,NA,NA,NA,TRUE
2016,State Rep 48,48,Easton,L,N,NA,NA,NA,NA,FALSE
2016,State Rep 49,49,Perkins,L,N,NA,NA,NA,NA,FALSE
2016,State Rep 50,50,Israel,D,Y,NA,NA,NA,NA,TRUE
2016,State Rep 50,50,Ruiz,R,N,NA,NA,NA,NA,FALSE
2016,State Rep 51,51,Rodriguez,D,Y,NA,NA,NA,NA,TRUE
2016,State Rep 51,51,Gruene,G,N,NA,NA,NA,NA,FALSE
2016,State Rep 52,52,Gonzales,R,Y,NA,NA,NA,NA,TRUE
2016,State Rep 52,52,Knetsar,L,N,NA,NA,NA,NA,FALSE
2016,State Rep 53,53,Murr,R,Y,NA,NA,NA,NA,TRUE
2016,State Rep 53,53,Ertel,D,N,NA,NA,NA,NA,FALSE
2016,State Rep 53,53,Holk,L,N,NA,NA,NA,NA,FALSE
2016,State Rep 56,56,Anderson,R,Y,NA,NA,NA,NA,TRUE
2016,State Rep 56,56,Deuvall,L,N,NA,NA,NA,NA,FALSE
2016,State Rep 65,65,Mendoza,D,N,NA,NA,NA,NA,FALSE
2016,State Rep 66,66,Shaheen,R,Y,NA,NA,NA,NA,TRUE
2016,State Rep 66,66,Nelson,D,N,NA,NA,NA,NA,FALSE
2016,State Rep 66,66,Jones,L,N,NA,NA,NA,NA,FALSE
2016,State Rep 67,67,Leach,R,Y,NA,NA,NA,NA,TRUE
2016,State Rep 67,67,Coleman,D,N,NA,NA,NA,NA,FALSE
2016,State Rep 67,67,Brewer,L,N,NA,NA,NA,NA,FALSE
2016,State Rep 70,70,Sanford,R,Y,NA,NA,NA,NA,TRUE
2016,State Rep 70,70,Bryant,D,N,NA,NA,NA,NA,FALSE
2016,State Rep 70,70,Wester,L,N,NA,NA,NA,NA,FALSE
2016,State Rep 70,70,Merwin,G,N,NA,NA,NA,NA,FALSE
2016,State Rep 71,71,LoPachin,D,N,NA,NA,NA,NA,FALSE
2016,State Rep 78,78,Moody,D,Y,NA,NA,NA,NA,TRUE
2016,State Rep 78,78,Lane,R,N,NA,NA,NA,NA,FALSE
2016,State Rep 85,85,Stephenson,R,Y,NA,NA,NA,NA,TRUE
2016,State Rep 85,85,Davis,D,N,NA,NA,NA,NA,FALSE
2016,State Rep 89,89,Hamilton,D,N,NA,NA,NA,NA,FALSE
2016,State Rep 89,89,Worthington,L,N,NA,NA,NA,NA,FALSE
2016,State Rep 92,92,Leach,D,N,NA,NA,NA,NA,FALSE
2016,State Rep 92,92,Sees,L,N,NA,NA,NA,NA,FALSE
2016,State Rep 92,92,Christal,G,N,NA,NA,NA,NA,FALSE
2016,State Rep 93,93,Krause,R,Y,NA,NA,NA,NA,TRUE
2016,State Rep 93,93,Bean,D,N,NA,NA,NA,NA,FALSE
2016,State Rep 94,94,Pallett,L,N,NA,NA,NA,NA,FALSE
2016,State Rep 95,95,Collier,D,Y,NA,NA,NA,NA,TRUE
2016,State Rep 95,95,McDaniel,R,N,NA,NA,NA,NA,FALSE
2016,State Rep 96,96,Lee,D,N,NA,NA,NA,NA,FALSE
2016,State Rep 97,97,Goldman,R,Y,NA,NA,NA,NA,TRUE
2016,State Rep 97,97,Wentworth,L,N,NA,NA,NA,NA,FALSE
2016,State Rep 98,98,Capriglione,R,Y,NA,NA,NA,NA,TRUE
2016,State Rep 98,98,Chibli,D,N,NA,NA,NA,NA,FALSE
2016,State Rep 99,99,Hawkins,L,N,NA,NA,NA,NA,FALSE
2018,State Rep 10,10,Wray,R,Y,NA,NA,NA,NA,TRUE
2018,State Rep 10,10,Emery,D,N,NA,NA,NA,NA,FALSE
2018,State Rep 10,10,Savino,L,N,NA,NA,NA,NA,FALSE
2018,State Rep 101,101,Turner,D,Y,NA,NA,NA,NA,TRUE
2018,State Rep 101,101,Allen,L,N,NA,NA,NA,NA,FALSE
2018,State Rep 102,102,Ramos,D,N,NA,NA,NA,NA,TRUE
2018,State Rep 103,103,Anchia,D,Y,NA,NA,NA,NA,TRUE
2018,State Rep 103,103,Fortenberry,R,N,NA,NA,NA,NA,FALSE
2018,State Rep 107,107,Neave,D,Y,NA,NA,NA,NA,TRUE
2018,State Rep 108,108,Meyer,R,Y,NA,NA,NA,NA,TRUE
2018,State Rep 11,11,Johnson,D,N,NA,NA,NA,NA,FALSE
2018,State Rep 112,112,Chen Button,R,Y,NA,NA,NA,NA,TRUE
2018,State Rep 112,112,Chambers,D,N,NA,NA,NA,NA,FALSE
2018,State Rep 114,114,Turner,D,N,NA,NA,NA,NA,TRUE
2018,State Rep 115,115,Rinaldi,R,Y,NA,NA,NA,NA,FALSE
2018,State Rep 116,116,Padron,R,N,NA,NA,NA,NA,FALSE
2018,State Rep 118,118,Lujan,R,N,NA,NA,NA,NA,FALSE
2018,State Rep 12,12,Kacal,R,Y,NA,NA,NA,NA,TRUE
2018,State Rep 120,120,Gervin-Hawkins,D,Y,NA,NA,NA,NA,TRUE
2018,State Rep 120,120,Payne,R,N,NA,NA,NA,NA,FALSE
2018,State Rep 121,121,Montoya,D,N,NA,NA,NA,NA,FALSE
2018,State Rep 121,121,Olfers,L,N,NA,NA,NA,NA,FALSE
2018,State Rep 122,122,Barnett,D,N,NA,NA,NA,NA,FALSE
2018,State Rep 124,124,Arredondo,R,N,NA,NA,NA,NA,FALSE
2018,State Rep 125,125,Rodriguez,D,Y,NA,NA,NA,NA,TRUE
2018,State Rep 125,125,Pina,L,N,NA,NA,NA,NA,FALSE
2018,State Rep 127,127,Woods,L,N,NA,NA,NA,NA,FALSE
2018,State Rep 129,129,Paul,R,Y,NA,NA,NA,NA,TRUE
2018,State Rep 129,129,Karjeker,D,N,NA,NA,NA,NA,FALSE
2018,State Rep 129,129,Majsterski,L,N,NA,NA,NA,NA,FALSE
2018,State Rep 13,13,Webster,D,N,NA,NA,NA,NA,FALSE
2018,State Rep 130,130,Oliverson,R,Y,NA,NA,NA,NA,TRUE
2018,State Rep 130,130,Infortunio,D,N,NA,NA,NA,NA,FALSE
2018,State Rep 130,130,Eriksen,L,N,NA,NA,NA,NA,FALSE
2018,State Rep 131,131,Allen,D,Y,NA,NA,NA,NA,TRUE
2018,State Rep 131,131,Ali,R,N,NA,NA,NA,NA,FALSE
2018,State Rep 132,132,Schofield,R,Y,NA,NA,NA,NA,FALSE
2018,State Rep 132,132,Arevalo,L,N,NA,NA,NA,NA,FALSE
2018,State Rep 133,133,Murphy,R,Y,NA,NA,NA,NA,TRUE
2018,State Rep 135,135,Rosenthal,D,N,NA,NA,NA,NA,TRUE
2018,State Rep 135,135,Elkins,R,Y,NA,NA,NA,NA,FALSE
2018,State Rep 135,135,Bilyeu,L,N,NA,NA,NA,NA,FALSE
2018,State Rep 136,136,Bucy,D,N,NA,NA,NA,NA,TRUE
2018,State Rep 136,136,Dale,R,Y,NA,NA,NA,NA,FALSE
2018,State Rep 136,136,Parks,L,N,NA,NA,NA,NA,FALSE
2018,State Rep 137,137,Wu,D,Y,NA,NA,NA,NA,TRUE
2018,State Rep 137,137,Sharp,L,N,NA,NA,NA,NA,FALSE
2018,State Rep 138,138,Bohac,R,Y,NA,NA,NA,NA,TRUE
2018,State Rep 138,138,Walker,W,N,NA,NA,NA,NA,FALSE
2018,State Rep 139,139,Trojacek,L,N,NA,NA,NA,NA,FALSE
2018,State Rep 144,144,Perez,D,Y,NA,NA,NA,NA,TRUE
2018,State Rep 145,145,Alvarado,D,Y,NA,NA,NA,NA,TRUE
2018,State Rep 145,145,Hunt,L,N,NA,NA,NA,NA,FALSE
2018,State Rep 146,146,Campbell,L,N,NA,NA,NA,NA,FALSE
2018,State Rep 147,147,Wang,R,N,NA,NA,NA,NA,FALSE
2018,State Rep 148,148,Farrar,D,Y,NA,NA,NA,NA,TRUE
2018,State Rep 148,148,McConnico,R,N,NA,NA,NA,NA,FALSE
2018,State Rep 149,149,Vo,D,Y,NA,NA,NA,NA,TRUE
2018,State Rep 149,149,Close,L,N,NA,NA,NA,NA,FALSE
2018,State Rep 15,15,Perez McGill,D,N,NA,NA,NA,NA,FALSE
2018,State Rep 150,150,Kelly,D,N,NA,NA,NA,NA,FALSE
2018,State Rep 16,16,Metcalf,R,Y,NA,NA,NA,NA,TRUE
2018,State Rep 16,16,Midler,D,N,NA,NA,NA,NA,FALSE
2018,State Rep 17,17,Cyrier,R,Y,NA,NA,NA,NA,TRUE
2018,State Rep 17,17,Ryan,D,N,NA,NA,NA,NA,FALSE
2018,State Rep 18,18,Lemond,D,N,NA,NA,NA,NA,FALSE
2018,State Rep 19,19,White,R,Y,NA,NA,NA,NA,TRUE
2018,State Rep 19,19,Williams,D,N,NA,NA,NA,NA,FALSE
2018,State Rep 2,2,Brannon,D,N,NA,NA,NA,NA,FALSE
2018,State Rep 20,20,Wilson,R,Y,NA,NA,NA,NA,TRUE
2018,State Rep 20,20,Wyman,D,N,NA,NA,NA,NA,FALSE
2018,State Rep 23,23,Jamrok,D,N,NA,NA,NA,NA,FALSE
2018,State Rep 23,23,Johnson,L,N,NA,NA,NA,NA,FALSE
2018,State Rep 24,24,Bonnen,R,Y,NA,NA,NA,NA,TRUE
2018,State Rep 24,24,Phelps,D,N,NA,NA,NA,NA,FALSE
2018,State Rep 24,24,Illyes,L,N,NA,NA,NA,NA,FALSE
2018,State Rep 26,26,Miller,R,Y,NA,NA,NA,NA,TRUE
2018,State Rep 26,26,DeMerchant,D,N,NA,NA,NA,NA,FALSE
2018,State Rep 28,28,Zerwas,R,Y,NA,NA,NA,NA,TRUE
2018,State Rep 29,29,Thompson,R,Y,NA,NA,NA,NA,TRUE
2018,State Rep 3,3,Bell,R,Y,NA,NA,NA,NA,TRUE
2018,State Rep 3,3,Seger,D,N,NA,NA,NA,NA,FALSE
2018,State Rep 30,30,Morrison,R,Y,NA,NA,NA,NA,TRUE
2018,State Rep 30,30,Hayter,D,N,NA,NA,NA,NA,FALSE
2018,State Rep 33,33,Holland,R,Y,NA,NA,NA,NA,TRUE
2018,State Rep 33,33,Gunn,D,N,NA,NA,NA,NA,FALSE
2018,State Rep 34,34,Herrero,D,Y,NA,NA,NA,NA,TRUE
2018,State Rep 34,34,Hale,R,N,NA,NA,NA,NA,FALSE
2018,State Rep 4,4,Williams,D,N,NA,NA,NA,NA,FALSE
2018,State Rep 4,4,Miller,L,N,NA,NA,NA,NA,FALSE
2018,State Rep 41,41,Garza DeShazo,R,N,NA,NA,NA,NA,FALSE
2018,State Rep 42,42,Raymond,D,Y,NA,NA,NA,NA,TRUE
2018,State Rep 42,42,De La Garza,R,N,NA,NA,NA,NA,FALSE
2018,State Rep 43,43,Lozano,R,Y,NA,NA,NA,NA,TRUE
2018,State Rep 43,43,Miller,D,N,NA,NA,NA,NA,FALSE
2018,State Rep 44,44,Kuempel,R,Y,NA,NA,NA,NA,TRUE
2018,State Rep 44,44,Rodgers,D,N,NA,NA,NA,NA,FALSE
2018,State Rep 46,46,Nila,R,N,NA,NA,NA,NA,FALSE
2018,State Rep 46,46,Ludlow,L,N,NA,NA,NA,NA,FALSE
2018,State Rep 49,49,Hinojosa,D,Y,NA,NA,NA,NA,TRUE
2018,State Rep 49,49,Austin,R,N,NA,NA,NA,NA,FALSE
2018,State Rep 5,5,Hefner,R,Y,NA,NA,NA,NA,TRUE
2018,State Rep 5,5,Liebbe,D,N,NA,NA,NA,NA,FALSE
2018,State Rep 52,52,Talarico,D,N,NA,NA,NA,NA,TRUE
2018,State Rep 53,53,Murr,R,Y,NA,NA,NA,NA,TRUE
2018,State Rep 54,54,Richerson,D,N,NA,NA,NA,NA,FALSE
2018,State Rep 54,54,Walden,L,N,NA,NA,NA,NA,FALSE
2018,State Rep 56,56,Anderson,R,Y,NA,NA,NA,NA,TRUE
2018,State Rep 56,56,Turner-Pearson,D,N,NA,NA,NA,NA,FALSE
2018,State Rep 57,57,Ashby,R,Y,NA,NA,NA,NA,TRUE
2018,State Rep 57,57,Rogers,D,N,NA,NA,NA,NA,FALSE
2018,State Rep 6,6,Katz,L,N,NA,NA,NA,NA,FALSE
2018,State Rep 62,62,Hefner,D,N,NA,NA,NA,NA,FALSE
2018,State Rep 62,62,Schaab,L,N,NA,NA,NA,NA,FALSE
2018,State Rep 63,63,Parker,R,Y,NA,NA,NA,NA,TRUE
2018,State Rep 64,64,Dietrich,L,N,NA,NA,NA,NA,FALSE
2018,State Rep 65,65,Beckley,D,N,NA,NA,NA,NA,TRUE
2018,State Rep 66,66,Shaheen,R,Y,NA,NA,NA,NA,TRUE
2018,State Rep 66,66,Hirsch,D,N,NA,NA,NA,NA,FALSE
2018,State Rep 67,67,Leach,R,Y,NA,NA,NA,NA,TRUE
2018,State Rep 67,67,Depew,D,N,NA,NA,NA,NA,FALSE
2018,State Rep 70,70,Sanford,R,Y,NA,NA,NA,NA,TRUE
2018,State Rep 70,70,Luton,D,N,NA,NA,NA,NA,FALSE
2018,State Rep 71,71,Lambert,R,Y,NA,NA,NA,NA,TRUE
2018,State Rep 71,71,Hatton,D,N,NA,NA,NA,NA,FALSE
2018,State Rep 73,73,Phillips,D,N,NA,NA,NA,NA,FALSE
2018,State Rep 78,78,Moody,D,Y,NA,NA,NA,NA,TRUE
2018,State Rep 78,78,Lane,R,N,NA,NA,NA,NA,FALSE
2018,State Rep 8,8,Ratcliff,D,N,NA,NA,NA,NA,FALSE
2018,State Rep 81,81,Landgraf,R,Y,NA,NA,NA,NA,TRUE
2018,State Rep 81,81,Gamboa,D,N,NA,NA,NA,NA,FALSE
2018,State Rep 82,82,Craddick,R,Y,NA,NA,NA,NA,TRUE
2018,State Rep 82,82,Bounds,D,N,NA,NA,NA,NA,FALSE
2018,State Rep 83,83,Burrows,R,Y,NA,NA,NA,NA,TRUE
2018,State Rep 83,83,Landry,D,N,NA,NA,NA,NA,FALSE
2018,State Rep 84,84,Frullo,R,Y,NA,NA,NA,NA,TRUE
2018,State Rep 85,85,Stephenson,R,Y,NA,NA,NA,NA,TRUE
2018,State Rep 85,85,Cantu,D,N,NA,NA,NA,NA,FALSE
2018,State Rep 86,86,Smithee,R,Y,NA,NA,NA,NA,TRUE
2018,State Rep 86,86,Purcell,D,N,NA,NA,NA,NA,FALSE
2018,State Rep 88,88,Barron,D,N,NA,NA,NA,NA,FALSE
2018,State Rep 89,89,Ash,D,N,NA,NA,NA,NA,FALSE
2018,State Rep 91,91,Klick,R,Y,NA,NA,NA,NA,TRUE
2018,State Rep 91,91,Sims,D,N,NA,NA,NA,NA,FALSE
2018,State Rep 92,92,Stickland,R,Y,NA,NA,NA,NA,FALSE
2018,State Rep 92,92,Riddell,D,N,NA,NA,NA,NA,FALSE
2018,State Rep 92,92,Espinoza,L,N,NA,NA,NA,NA,FALSE
2018,State Rep 93,93,Krause,R,Y,NA,NA,NA,NA,TRUE
2018,State Rep 94,94,Tinderholt,R,Y,NA,NA,NA,NA,TRUE
2018,State Rep 94,94,Jones,D,N,NA,NA,NA,NA,FALSE
2018,State Rep 94,94,Pallett,L,N,NA,NA,NA,NA,FALSE
2018,State Rep 95,95,Collier,D,Y,NA,NA,NA,NA,TRUE
2018,State Rep 95,95,West,R,N,NA,NA,NA,NA,FALSE
2018,State Rep 95,95,Burns,L,N,NA,NA,NA,NA,FALSE
2018,State Rep 96,96,Zedler,R,Y,NA,NA,NA,NA,TRUE
2018,State Rep 96,96,Ray,D,N,NA,NA,NA,NA,FALSE
2018,State Rep 96,96,Parmer,L,N,NA,NA,NA,NA,FALSE
2018,State Rep 97,97,Goldman,R,Y,NA,NA,NA,NA,TRUE
2018,State Rep 97,97,McLaughlin,D,N,NA,NA,NA,NA,FALSE
2018,State Rep 97,97,Wingo,L,N,NA,NA,NA,NA,FALSE
2018,State Rep 98,98,Ringo,D,N,NA,NA,NA,NA,FALSE
2018,State Rep 98,98,Moore,L,N,NA,NA,NA,NA,FALSE
2018,State Rep 99,99,Stackhouse,D,N,NA,NA,NA,NA,FALSE
2020,State Rep 10,10,Savino,L,N,NA,NA,NA,NA,FALSE
2020,State Rep 102,102,Ramos,D,Y,NA,NA,NA,NA,TRUE
2020,State Rep 103,103,Anchia,D,Y,NA,NA,NA,NA,TRUE
2020,State Rep 105,105,Meza,D,Y,NA,NA,NA,NA,TRUE
2020,State Rep 105,105,Hernandez,R,N,NA,NA,NA,NA,FALSE
2020,State Rep 105,105,Bolton,L,N,NA,NA,NA,NA,FALSE
2020,State Rep 106,106,Skidonenko,D,N,NA,NA,NA,NA,FALSE
2020,State Rep 107,107,Neave,D,Y,NA,NA,NA,NA,TRUE
2020,State Rep 107,107,Smith,R,N,NA,NA,NA,NA,FALSE
2020,State Rep 108,108,Meyer,R,Y,NA,NA,NA,NA,FALSE
2020,State Rep 108,108,Rankin,L,N,NA,NA,NA,NA,FALSE
2020,State Rep 109,109,Allen,R,N,NA,NA,NA,NA,FALSE
2020,State Rep 11,11,Clardy,R,Y,NA,NA,NA,NA,TRUE
2020,State Rep 11,11,Johnson,D,N,NA,NA,NA,NA,FALSE
2020,State Rep 112,112,Button,R,Y,NA,NA,NA,NA,FALSE
2020,State Rep 112,112,Chambers,D,N,NA,NA,NA,NA,FALSE
2020,State Rep 112,112,Newsom,L,N,NA,NA,NA,NA,FALSE
2020,State Rep 113,113,Bowers,D,Y,NA,NA,NA,NA,TRUE
2020,State Rep 113,113,Douglas,R,N,NA,NA,NA,NA,FALSE
2020,State Rep 114,114,Turner,D,Y,NA,NA,NA,NA,TRUE
2020,State Rep 114,114,Del Rosal,R,N,NA,NA,NA,NA,FALSE
2020,State Rep 115,115,Johnson,D,Y,NA,NA,NA,NA,TRUE
2020,State Rep 115,115,Brownlee,R,N,NA,NA,NA,NA,FALSE
2020,State Rep 117,117,Cortez,D,Y,NA,NA,NA,NA,TRUE
2020,State Rep 117,117,Raymond,R,N,NA,NA,NA,NA,FALSE
2020,State Rep 117,117,Quinones,L,N,NA,NA,NA,NA,FALSE
2020,State Rep 118,118,Pacheco,D,Y,NA,NA,NA,NA,TRUE
2020,State Rep 118,118,Salyer,R,N,NA,NA,NA,NA,FALSE
2020,State Rep 118,118,Velasquez,L,N,NA,NA,NA,NA,FALSE
2020,State Rep 119,119,Garza,R,N,NA,NA,NA,NA,FALSE
2020,State Rep 119,119,Thomas,L,N,NA,NA,NA,NA,FALSE
2020,State Rep 119,119,Padron,G,N,NA,NA,NA,NA,FALSE
2020,State Rep 120,120,Gervin-Hawkins,D,Y,NA,NA,NA,NA,TRUE
2020,State Rep 120,120,Huckabay,L,N,NA,NA,NA,NA,FALSE
2020,State Rep 121,121,Allison,R,Y,NA,NA,NA,NA,TRUE
2020,State Rep 122,122,Larson,R,Y,NA,NA,NA,NA,TRUE
2020,State Rep 122,122,Barnett,D,N,NA,NA,NA,NA,FALSE
2020,State Rep 125,125,Lopez,D,Y,NA,NA,NA,NA,TRUE
2020,State Rep 125,125,Valdivia,L,N,NA,NA,NA,NA,FALSE
2020,State Rep 126,126,Harless,R,Y,NA,NA,NA,NA,TRUE
2020,State Rep 127,127,Antoniou,L,N,NA,NA,NA,NA,FALSE
2020,State Rep 129,129,Alix,D,N,NA,NA,NA,NA,FALSE
2020,State Rep 130,130,Oliverson,R,Y,NA,NA,NA,NA,TRUE
2020,State Rep 130,130,Henry,D,N,NA,NA,NA,NA,FALSE
2020,State Rep 132,132,Calanni,D,Y,NA,NA,NA,NA,FALSE
2020,State Rep 132,132,Benton,W,N,NA,NA,NA,NA,FALSE
2020,State Rep 133,133,Murphy,R,Y,NA,NA,NA,NA,TRUE
2020,State Rep 133,133,Moore,D,N,NA,NA,NA,NA,FALSE
2020,State Rep 133,133,Harren,L,N,NA,NA,NA,NA,FALSE
2020,State Rep 134,134,Davis,R,Y,NA,NA,NA,NA,FALSE
2020,State Rep 135,135,Rosenthal,D,Y,NA,NA,NA,NA,FALSE
2020,State Rep 135,135,Bilyeu,L,N,NA,NA,NA,NA,FALSE
2020,State Rep 136,136,Bucy,D,Y,NA,NA,NA,NA,TRUE
2020,State Rep 136,136,Guevara,R,N,NA,NA,NA,NA,FALSE
2020,State Rep 136,136,Elliott,L,N,NA,NA,NA,NA,FALSE
2020,State Rep 137,137,Wu,D,Y,NA,NA,NA,NA,TRUE
2020,State Rep 137,137,Sharp,L,N,NA,NA,NA,NA,FALSE
2020,State Rep 139,139,Trojacek,L,N,NA,NA,NA,NA,FALSE
2020,State Rep 14,14,Raney,R,Y,NA,NA,NA,NA,TRUE
2020,State Rep 142,142,Rowe,R,N,NA,NA,NA,NA,FALSE
2020,State Rep 144,144,Perez,D,Y,NA,NA,NA,NA,TRUE
2020,State Rep 144,144,Salas,R,N,NA,NA,NA,NA,FALSE
2020,State Rep 145,145,Morales,D,Y,NA,NA,NA,NA,TRUE
2020,State Rep 145,145,Fierro,R,N,NA,NA,NA,NA,FALSE
2020,State Rep 145,145,Howell,L,N,NA,NA,NA,NA,FALSE
2020,State Rep 146,146,Campbell,L,N,NA,NA,NA,NA,FALSE
2020,State Rep 148,148,LaRotta,R,N,NA,NA,NA,NA,FALSE
2020,State Rep 149,149,Vo,D,Y,NA,NA,NA,NA,TRUE
2020,State Rep 149,149,Truong,R,N,NA,NA,NA,NA,FALSE
2020,State Rep 15,15,Toth,R,Y,NA,NA,NA,NA,TRUE
2020,State Rep 15,15,Perez McGill,D,N,NA,NA,NA,NA,FALSE
2020,State Rep 150,150,Swanson,R,Y,NA,NA,NA,NA,TRUE
2020,State Rep 150,150,Walsh,D,N,NA,NA,NA,NA,FALSE
2020,State Rep 150,150,Herrera,L,N,NA,NA,NA,NA,FALSE
2020,State Rep 17,17,Cyrier,R,Y,NA,NA,NA,NA,TRUE
2020,State Rep 17,17,Eden,D,N,NA,NA,NA,NA,FALSE
2020,State Rep 2,2,Brannon,D,N,NA,NA,NA,NA,FALSE
2020,State Rep 20,20,Wilson,R,Y,NA,NA,NA,NA,TRUE
2020,State Rep 20,20,Tiedt,D,N,NA,NA,NA,NA,FALSE
2020,State Rep 22,22,Deshotel,D,Y,NA,NA,NA,NA,TRUE
2020,State Rep 22,22,Randle,R,N,NA,NA,NA,NA,FALSE
2020,State Rep 23,23,Middleton,R,Y,NA,NA,NA,NA,TRUE
2020,State Rep 23,23,Antonelli,D,N,NA,NA,NA,NA,FALSE
2020,State Rep 24,24,Bonnen,R,Y,NA,NA,NA,NA,TRUE
2020,State Rep 24,24,Rogers,D,N,NA,NA,NA,NA,FALSE
2020,State Rep 24,24,Illyes,L,N,NA,NA,NA,NA,FALSE
2020,State Rep 25,25,Henry,D,N,NA,NA,NA,NA,FALSE
2020,State Rep 28,28,Markowitz,D,N,NA,NA,NA,NA,FALSE
2020,State Rep 29,29,Thompson,R,Y,NA,NA,NA,NA,TRUE
2020,State Rep 29,29,Boldt,D,N,NA,NA,NA,NA,FALSE
2020,State Rep 3,3,Bell,R,Y,NA,NA,NA,NA,TRUE
2020,State Rep 3,3,Shupp,D,N,NA,NA,NA,NA,FALSE
2020,State Rep 31,31,Guillen,D,Y,NA,NA,NA,NA,TRUE
2020,State Rep 31,31,Knowlton,R,N,NA,NA,NA,NA,FALSE
2020,State Rep 32,32,Hunter,R,Y,NA,NA,NA,NA,TRUE
2020,State Rep 32,32,Holguin,D,N,NA,NA,NA,NA,FALSE
2020,State Rep 33,33,Holland,R,Y,NA,NA,NA,NA,TRUE
2020,State Rep 33,33,Rose,D,N,NA,NA,NA,NA,FALSE
2020,State Rep 34,34,Herrero,D,Y,NA,NA,NA,NA,TRUE
2020,State Rep 34,34,Hernandez,R,N,NA,NA,NA,NA,FALSE
2020,State Rep 4,4,Bell,R,Y,NA,NA,NA,NA,TRUE
2020,State Rep 4,4,Sprabary,L,N,NA,NA,NA,NA,FALSE
2020,State Rep 41,41,Guerra,R,N,NA,NA,NA,NA,FALSE
2020,State Rep 44,44,Kuempel,R,Y,NA,NA,NA,NA,TRUE
2020,State Rep 44,44,Bohmfalk,D,N,NA,NA,NA,NA,FALSE
2020,State Rep 44,44,Mardock,L,N,NA,NA,NA,NA,FALSE
2020,State Rep 47,47,Goodwin,D,Y,NA,NA,NA,NA,FALSE
2020,State Rep 47,47,Clark,L,N,NA,NA,NA,NA,FALSE
2020,State Rep 48,48,Howard,D,Y,NA,NA,NA,NA,TRUE
2020,State Rep 48,48,Strieber,R,N,NA,NA,NA,NA,FALSE
2020,State Rep 49,49,Hinojosa,D,Y,NA,NA,NA,NA,TRUE
2020,State Rep 49,49,Moore,L,N,NA,NA,NA,NA,FALSE
2020,State Rep 5,5,Hefner,R,Y,NA,NA,NA,NA,TRUE
2020,State Rep 5,5,Prince,D,N,NA,NA,NA,NA,FALSE
2020,State Rep 50,50,Israel,D,Y,NA,NA,NA,NA,TRUE
2020,State Rep 50,50,Delarose,R,N,NA,NA,NA,NA,FALSE
2020,State Rep 51,51,Reynolds,R,N,NA,NA,NA,NA,FALSE
2020,State Rep 52,52,Talarico,D,Y,NA,NA,NA,NA,TRUE
2020,State Rep 52,52,Valdez,R,N,NA,NA,NA,NA,FALSE
2020,State Rep 53,53,Murr,R,Y,NA,NA,NA,NA,TRUE
2020,State Rep 53,53,Herrera,D,N,NA,NA,NA,NA,FALSE
2020,State Rep 54,54,Buckley,R,Y,NA,NA,NA,NA,TRUE
2020,State Rep 54,54,Williams,D,N,NA,NA,NA,NA,FALSE
2020,State Rep 56,56,Anderson,R,Y,NA,NA,NA,NA,TRUE
2020,State Rep 56,56,Turner-Pearson,D,N,NA,NA,NA,NA,FALSE
2020,State Rep 57,57,Ashby,R,Y,NA,NA,NA,NA,TRUE
2020,State Rep 57,57,Rogers,D,N,NA,NA,NA,NA,FALSE
2020,State Rep 58,58,Burns,R,Y,NA,NA,NA,NA,TRUE
2020,State Rep 58,58,Rocha,D,N,NA,NA,NA,NA,FALSE
2020,State Rep 6,6,Schaefer,R,Y,NA,NA,NA,NA,TRUE
2020,State Rep 6,6,Gobble,D,N,NA,NA,NA,NA,FALSE
2020,State Rep 61,61,King,R,Y,NA,NA,NA,NA,TRUE
2020,State Rep 61,61,Cox,D,N,NA,NA,NA,NA,FALSE
2020,State Rep 61,61,Stephenson,L,N,NA,NA,NA,NA,FALSE
2020,State Rep 62,62,Smith,R,Y,NA,NA,NA,NA,TRUE
2020,State Rep 62,62,Thomas,D,N,NA,NA,NA,NA,FALSE
2020,State Rep 63,63,Parker,R,Y,NA,NA,NA,NA,TRUE
2020,State Rep 63,63,Peeler,D,N,NA,NA,NA,NA,FALSE
2020,State Rep 64,64,Stucky,R,Y,NA,NA,NA,NA,TRUE
2020,State Rep 64,64,Brewer,D,N,NA,NA,NA,NA,FALSE
2020,State Rep 66,66,Shaheen,R,Y,NA,NA,NA,NA,FALSE
2020,State Rep 66,66,Jones,L,N,NA,NA,NA,NA,FALSE
2020,State Rep 67,67,Leach,R,Y,NA,NA,NA,NA,TRUE
2020,State Rep 68,68,Springer,R,Y,NA,NA,NA,NA,TRUE
2020,State Rep 68,68,Ledbetter,D,N,NA,NA,NA,NA,FALSE
2020,State Rep 70,70,Sanford,R,Y,NA,NA,NA,NA,TRUE
2020,State Rep 70,70,Bado,D,N,NA,NA,NA,NA,FALSE
2020,State Rep 71,71,Lambert,R,Y,NA,NA,NA,NA,TRUE
2020,State Rep 71,71,Hatton,D,N,NA,NA,NA,NA,FALSE
2020,State Rep 73,73,Biedermann,R,Y,NA,NA,NA,NA,TRUE
2020,State Rep 73,73,Phillips,D,N,NA,NA,NA,NA,FALSE
2020,State Rep 78,78,Moody,D,Y,NA,NA,NA,NA,TRUE
2020,State Rep 78,78,Lane,R,N,NA,NA,NA,NA,FALSE
2020,State Rep 8,8,Harris,R,Y,NA,NA,NA,NA,TRUE
2020,State Rep 8,8,Adams,L,N,NA,NA,NA,NA,FALSE
2020,State Rep 83,83,Burrows,R,Y,NA,NA,NA,NA,TRUE
2020,State Rep 84,84,Frullo,R,Y,NA,NA,NA,NA,TRUE
2020,State Rep 84,84,Gibson,D,N,NA,NA,NA,NA,FALSE
2020,State Rep 85,85,Cardenas,D,N,NA,NA,NA,NA,FALSE
2020,State Rep 85,85,Miller,L,N,NA,NA,NA,NA,FALSE
2020,State Rep 89,89,Noble,R,Y,NA,NA,NA,NA,TRUE
2020,State Rep 89,89,Kless,L,N,NA,NA,NA,NA,FALSE
2020,State Rep 90,90,Romero,D,Y,NA,NA,NA,NA,TRUE
2020,State Rep 90,90,Camacho,R,N,NA,NA,NA,NA,FALSE
2020,State Rep 91,91,Klick,R,Y,NA,NA,NA,NA,TRUE
2020,State Rep 91,91,Sims,D,N,NA,NA,NA,NA,FALSE
2020,State Rep 92,92,Mulligan,G,N,NA,NA,NA,NA,FALSE
2020,State Rep 93,93,Krause,R,Y,NA,NA,NA,NA,TRUE
2020,State Rep 93,93,Bean,D,N,NA,NA,NA,NA,FALSE
2020,State Rep 94,94,Tinderholt,R,Y,NA,NA,NA,NA,TRUE
2020,State Rep 94,94,Simmons,D,N,NA,NA,NA,NA,FALSE
2020,State Rep 94,94,Pallett,L,N,NA,NA,NA,NA,FALSE
2020,State Rep 96,96,Cook,R,N,NA,NA,NA,NA,TRUE
2020,State Rep 96,96,Drago,D,N,NA,NA,NA,NA,FALSE
2020,State Rep 96,96,Range,L,N,NA,NA,NA,NA,FALSE
2020,State Rep 97,97,Goldman,R,Y,NA,NA,NA,NA,TRUE
2020,State Rep 97,97,Wingo,L,N,NA,NA,NA,NA,FALSE
2020,State Rep 98,98,Capriglione,R,Y,NA,NA,NA,NA,TRUE
2020,State Rep 98,98,Edmondson,D,N,NA,NA,NA,NA,FALSE
2022,State Rep 100,100,Roberts,L,N,NA,NA,NA,NA,FALSE
2022,State Rep 102,102,Ramos,D,Y,NA,NA,NA,NA,TRUE
2022,State Rep 102,102,Fischer,R,N,NA,NA,NA,NA,FALSE
2022,State Rep 103,103,Anchia,D,Y,NA,NA,NA,NA,TRUE
2022,State Rep 103,103,Arrieta,I,N,NA,NA,NA,NA,FALSE
2022,State Rep 105,105,Meza,D,Y,NA,NA,NA,NA,TRUE
2022,State Rep 107,107,Neave,D,Y,NA,NA,NA,NA,TRUE
2022,State Rep 107,107,Newsom,L,N,NA,NA,NA,NA,FALSE
2022,State Rep 108,108,Meyer,R,Y,NA,NA,NA,NA,TRUE
2022,State Rep 111,111,Davis,D,Y,NA,NA,NA,NA,TRUE
2022,State Rep 111,111,Flores Yrigollen,R,N,NA,NA,NA,NA,FALSE
2022,State Rep 112,112,Button,R,Y,NA,NA,NA,NA,TRUE
2022,State Rep 112,112,Curl,D,N,NA,NA,NA,NA,FALSE
2022,State Rep 114,114,Lamb,R,N,NA,NA,NA,NA,FALSE
2022,State Rep 115,115,Johnson,D,Y,NA,NA,NA,NA,TRUE
2022,State Rep 115,115,Denis,R,N,NA,NA,NA,NA,FALSE
2022,State Rep 117,117,Cortez,D,Y,NA,NA,NA,NA,TRUE
2022,State Rep 117,117,Schwope,R,N,NA,NA,NA,NA,FALSE
2022,State Rep 118,118,Lujan,R,Y,NA,NA,NA,NA,TRUE
2022,State Rep 118,118,Ramirez,D,N,NA,NA,NA,NA,FALSE
2022,State Rep 119,119,Campos,D,Y,NA,NA,NA,NA,TRUE
2022,State Rep 119,119,Thomas,L,N,NA,NA,NA,NA,FALSE
2022,State Rep 120,120,Gervin-Hawkins,D,Y,NA,NA,NA,NA,TRUE
2022,State Rep 120,120,Payne,R,N,NA,NA,NA,NA,FALSE
2022,State Rep 122,122,Aramburu,D,N,NA,NA,NA,NA,FALSE
2022,State Rep 122,122,Berlin,L,N,NA,NA,NA,NA,FALSE
2022,State Rep 123,123,Bernal,D,Y,NA,NA,NA,NA,TRUE
2022,State Rep 123,123,Valdez,R,N,NA,NA,NA,NA,FALSE
2022,State Rep 124,124,Arredondo,R,N,NA,NA,NA,NA,FALSE
2022,State Rep 125,125,Raymond,R,N,NA,NA,NA,NA,FALSE
2022,State Rep 128,128,Cain,R,Y,NA,NA,NA,NA,TRUE
2022,State Rep 128,128,Crews,D,N,NA,NA,NA,NA,FALSE
2022,State Rep 129,129,Paul,R,Y,NA,NA,NA,NA,TRUE
2022,State Rep 129,129,Marvel,D,N,NA,NA,NA,NA,FALSE
2022,State Rep 131,131,Monroe,R,N,NA,NA,NA,NA,FALSE
2022,State Rep 133,133,Maarouf,D,N,NA,NA,NA,NA,FALSE
2022,State Rep 133,133,Harren,L,N,NA,NA,NA,NA,FALSE
2022,State Rep 134,134,Johnson,D,Y,NA,NA,NA,NA,TRUE
2022,State Rep 134,134,Unsicker,L,N,NA,NA,NA,NA,FALSE
2022,State Rep 135,135,Rosenthal,D,Y,NA,NA,NA,NA,TRUE
2022,State Rep 136,136,Bucy,D,Y,NA,NA,NA,NA,TRUE
2022,State Rep 136,136,Culley,L,N,NA,NA,NA,NA,FALSE
2022,State Rep 137,137,Wu,D,Y,NA,NA,NA,NA,TRUE
2022,State Rep 137,137,Sharp,L,N,NA,NA,NA,NA,FALSE
2022,State Rep 138,138,Morales,D,N,NA,NA,NA,NA,FALSE
2022,State Rep 14,14,Miller,L,N,NA,NA,NA,NA,FALSE
2022,State Rep 145,145,Morales,D,Y,NA,NA,NA,NA,TRUE
2022,State Rep 145,145,Mabry,R,N,NA,NA,NA,NA,FALSE
2022,State Rep 148,148,Morales Shaw,D,Y,NA,NA,NA,NA,TRUE
2022,State Rep 148,148,Smith,R,N,NA,NA,NA,NA,FALSE
2022,State Rep 148,148,Trojacek,L,N,NA,NA,NA,NA,FALSE
2022,State Rep 149,149,Vo,D,Y,NA,NA,NA,NA,TRUE
2022,State Rep 149,149,Truong,R,N,NA,NA,NA,NA,FALSE
2022,State Rep 149,149,Bogue,L,N,NA,NA,NA,NA,FALSE
2022,State Rep 15,15,Johnson,D,N,NA,NA,NA,NA,FALSE
2022,State Rep 150,150,Brown Daniel,D,N,NA,NA,NA,NA,FALSE
2022,State Rep 17,17,Eden,D,N,NA,NA,NA,NA,FALSE
2022,State Rep 17,17,Curtis,I,N,NA,NA,NA,NA,FALSE
2022,State Rep 19,19,Baggett,D,N,NA,NA,NA,NA,FALSE
2022,State Rep 20,20,Wilson,R,Y,NA,NA,NA,NA,TRUE
2022,State Rep 20,20,Camacho,D,N,NA,NA,NA,NA,FALSE
2022,State Rep 22,22,Randle,R,N,NA,NA,NA,NA,FALSE
2022,State Rep 23,23,Henry,D,N,NA,NA,NA,NA,FALSE
2022,State Rep 24,24,Bonnen,R,Y,NA,NA,NA,NA,TRUE
2022,State Rep 24,24,Creedon,D,N,NA,NA,NA,NA,FALSE
2022,State Rep 24,24,McCamy,L,N,NA,NA,NA,NA,FALSE
2022,State Rep 26,26,Jetton,R,Y,NA,NA,NA,NA,TRUE
2022,State Rep 27,27,Gilani,R,N,NA,NA,NA,NA,FALSE
2022,State Rep 28,28,Adriatico,D,N,NA,NA,NA,NA,FALSE
2022,State Rep 31,31,Gutierrez,D,N,NA,NA,NA,NA,FALSE
2022,State Rep 34,34,Herrero,D,Y,NA,NA,NA,NA,TRUE
2022,State Rep 35,35,Longoria,D,Y,NA,NA,NA,NA,TRUE
2022,State Rep 35,35,Rosa,R,N,NA,NA,NA,NA,FALSE
2022,State Rep 39,39,Martinez,D,Y,NA,NA,NA,NA,TRUE
2022,State Rep 39,39,Garcia,R,N,NA,NA,NA,NA,FALSE
2022,State Rep 4,4,Bell,R,Y,NA,NA,NA,NA,TRUE
2022,State Rep 4,4,Savino,L,N,NA,NA,NA,NA,FALSE
2022,State Rep 41,41,Guerra,D,Y,NA,NA,NA,NA,TRUE
2022,State Rep 41,41,Guerra,R,N,NA,NA,NA,NA,FALSE
2022,State Rep 42,42,Brennan,R,N,NA,NA,NA,NA,FALSE
2022,State Rep 44,44,Kuempel,R,Y,NA,NA,NA,NA,TRUE
2022,State Rep 44,44,Bohmfalk,D,N,NA,NA,NA,NA,FALSE
2022,State Rep 45,45,Lopez,R,N,NA,NA,NA,NA,FALSE
2022,State Rep 46,46,Cole,D,Y,NA,NA,NA,NA,TRUE
2022,State Rep 46,46,Strasser,R,N,NA,NA,NA,NA,FALSE
2022,State Rep 46,46,Kost,L,N,NA,NA,NA,NA,FALSE
2022,State Rep 47,47,Goodwin,D,Y,NA,NA,NA,NA,TRUE
2022,State Rep 47,47,McCarthy,R,N,NA,NA,NA,NA,FALSE
2022,State Rep 48,48,Howard,D,Y,NA,NA,NA,NA,TRUE
2022,State Rep 48,48,McCarthy,L,N,NA,NA,NA,NA,FALSE
2022,State Rep 49,49,Hinojosa,D,Y,NA,NA,NA,NA,TRUE
2022,State Rep 49,49,Griffin,R,N,NA,NA,NA,NA,FALSE
2022,State Rep 49,49,Roberson,L,N,NA,NA,NA,NA,FALSE
2022,State Rep 50,50,Johnson,R,N,NA,NA,NA,NA,FALSE
2022,State Rep 50,50,Brown,L,N,NA,NA,NA,NA,FALSE
2022,State Rep 51,51,Reynolds,R,N,NA,NA,NA,NA,FALSE
2022,State Rep 52,52,Echegaray,D,N,NA,NA,NA,NA,FALSE
2022,State Rep 53,53,Herrera,D,N,NA,NA,NA,NA,FALSE
2022,State Rep 54,54,Buckley,R,Y,NA,NA,NA,NA,TRUE
2022,State Rep 54,54,Hildner,D,N,NA,NA,NA,NA,FALSE
2022,State Rep 55,55,Shine,R,Y,NA,NA,NA,NA,TRUE
2022,State Rep 55,55,Sanders,D,N,NA,NA,NA,NA,FALSE
2022,State Rep 56,56,Anderson,R,Y,NA,NA,NA,NA,TRUE
2022,State Rep 56,56,Shank,D,N,NA,NA,NA,NA,FALSE
2022,State Rep 57,57,Hamilton,L,N,NA,NA,NA,NA,FALSE
2022,State Rep 6,6,Grace,D,N,NA,NA,NA,NA,FALSE
2022,State Rep 61,61,King,D,N,NA,NA,NA,NA,FALSE
2022,State Rep 63,63,Wooten,D,N,NA,NA,NA,NA,FALSE
2022,State Rep 65,65,Verdell,D,N,NA,NA,NA,NA,FALSE
2022,State Rep 66,66,Shaheen,R,Y,NA,NA,NA,NA,TRUE
2022,State Rep 66,66,Ringness,D,N,NA,NA,NA,NA,FALSE
2022,State Rep 67,67,Morris,D,N,NA,NA,NA,NA,FALSE
2022,State Rep 69,69,Frank,R,Y,NA,NA,NA,NA,TRUE
2022,State Rep 69,69,Coppage,D,N,NA,NA,NA,NA,FALSE
2022,State Rep 69,69,Neumann,L,N,NA,NA,NA,NA,FALSE
2022,State Rep 71,71,Goolsbee,D,N,NA,NA,NA,NA,FALSE
2022,State Rep 73,73,Calhoun,D,N,NA,NA,NA,NA,FALSE
2022,State Rep 74,74,Morales,D,Y,NA,NA,NA,NA,TRUE
2022,State Rep 74,74,Parker,R,N,NA,NA,NA,NA,FALSE
2022,State Rep 75,75,Mullins,L,N,NA,NA,NA,NA,FALSE
2022,State Rep 8,8,Harris,R,Y,NA,NA,NA,NA,TRUE
2022,State Rep 8,8,Adams,L,N,NA,NA,NA,NA,FALSE
2022,State Rep 85,85,Baggett,D,N,NA,NA,NA,NA,FALSE
2022,State Rep 85,85,Miller,L,N,NA,NA,NA,NA,FALSE
2022,State Rep 87,87,Price,R,Y,NA,NA,NA,NA,TRUE
2022,State Rep 87,87,Hearn,L,N,NA,NA,NA,NA,FALSE
2022,State Rep 9,9,Ashby,R,Y,NA,NA,NA,NA,TRUE
2022,State Rep 9,9,Rogers,D,N,NA,NA,NA,NA,FALSE
2022,State Rep 92,92,Livingston,R,N,NA,NA,NA,NA,FALSE
2022,State Rep 93,93,Chowdhury,D,N,NA,NA,NA,NA,FALSE
2022,State Rep 94,94,Tinderholt,R,Y,NA,NA,NA,NA,TRUE
2022,State Rep 94,94,Sherrard,D,N,NA,NA,NA,NA,FALSE
2022,State Rep 95,95,Collier,D,Y,NA,NA,NA,NA,TRUE
2022,State Rep 95,95,Mondick,R,N,NA,NA,NA,NA,FALSE
2022,State Rep 97,97,Goldman,R,Y,NA,NA,NA,NA,TRUE
2022,State Rep 98,98,Elkins,D,N,NA,NA,NA,NA,FALSE
2022,State Rep 99,99,Geren,R,Y,NA,NA,NA,NA,TRUE
2022,State Rep 99,99,Coffey,D,N,NA,NA,NA,NA,FALSE
2024,State Rep 10,10,Harrison,R,Y,NA,NA,NA,NA,TRUE
2024,State Rep 10,10,Brummell,W,N,NA,NA,NA,NA,FALSE
2024,State Rep 10,10,Schroppel,W,N,NA,NA,NA,NA,FALSE
2024,State Rep 101,101,Turner,D,Y,NA,NA,NA,NA,TRUE
2024,State Rep 101,101,Burgess,R,N,NA,NA,NA,NA,FALSE
2024,State Rep 105,105,Meza,D,Y,NA,NA,NA,NA,TRUE
2024,State Rep 105,105,Cannaday,R,N,NA,NA,NA,NA,FALSE
2024,State Rep 106,106,Patterson,R,Y,NA,NA,NA,NA,TRUE
2024,State Rep 106,106,Johnston,D,N,NA,NA,NA,NA,FALSE
2024,State Rep 112,112,Bishop,D,N,NA,NA,NA,NA,FALSE
2024,State Rep 113,113,Bowers,D,Y,NA,NA,NA,NA,TRUE
2024,State Rep 113,113,Stanley,R,N,NA,NA,NA,NA,FALSE
2024,State Rep 114,114,Bryant,D,Y,NA,NA,NA,NA,TRUE
2024,State Rep 114,114,Ramsey,R,N,NA,NA,NA,NA,FALSE
2024,State Rep 115,115,Jun,R,N,NA,NA,NA,NA,FALSE
2024,State Rep 116,116,Martinez Fischer,D,Y,NA,NA,NA,NA,TRUE
2024,State Rep 116,116,Crain,R,N,NA,NA,NA,NA,FALSE
2024,State Rep 117,117,Cortez,D,Y,NA,NA,NA,NA,TRUE
2024,State Rep 117,117,Mostyn,R,N,NA,NA,NA,NA,FALSE
2024,State Rep 118,118,Lujan,R,Y,NA,NA,NA,NA,TRUE
2024,State Rep 12,12,Howard Mullins,D,N,NA,NA,NA,NA,FALSE
2024,State Rep 122,122,Dorazio,R,Y,NA,NA,NA,NA,TRUE
2024,State Rep 122,122,Geary,D,N,NA,NA,NA,NA,FALSE
2024,State Rep 124,124,Garcia,D,Y,NA,NA,NA,NA,TRUE
2024,State Rep 124,124,Soto,R,N,NA,NA,NA,NA,FALSE
2024,State Rep 126,126,Harless,R,Y,NA,NA,NA,NA,TRUE
2024,State Rep 126,126,Smith,W,N,NA,NA,NA,NA,FALSE
2024,State Rep 127,127,Cunningham,R,Y,NA,NA,NA,NA,TRUE
2024,State Rep 127,127,Lehr,D,N,NA,NA,NA,NA,FALSE
2024,State Rep 128,128,Crews,D,N,NA,NA,NA,NA,FALSE
2024,State Rep 128,128,Hagan,L,N,NA,NA,NA,NA,FALSE
2024,State Rep 129,129,Paul,R,Y,NA,NA,NA,NA,TRUE
2024,State Rep 129,129,Peterson,D,N,NA,NA,NA,NA,FALSE
2024,State Rep 13,13,Orr,R,Y,NA,NA,NA,NA,TRUE
2024,State Rep 13,13,Hunter,D,N,NA,NA,NA,NA,FALSE
2024,State Rep 130,130,Oliverson,R,Y,NA,NA,NA,NA,TRUE
2024,State Rep 132,132,Schofield,R,Y,NA,NA,NA,NA,TRUE
2024,State Rep 132,132,West,D,N,NA,NA,NA,NA,FALSE
2024,State Rep 134,134,Johnson,D,Y,NA,NA,NA,NA,TRUE
2024,State Rep 134,134,Douglas,R,N,NA,NA,NA,NA,FALSE
2024,State Rep 136,136,Bucy,D,Y,NA,NA,NA,NA,TRUE
2024,State Rep 136,136,Salahuddin,R,N,NA,NA,NA,NA,FALSE
2024,State Rep 137,137,Wu,D,Y,NA,NA,NA,NA,TRUE
2024,State Rep 137,137,Sharp,L,N,NA,NA,NA,NA,FALSE
2024,State Rep 138,138,Morales,D,N,NA,NA,NA,NA,FALSE
2024,State Rep 14,14,Medina,D,N,NA,NA,NA,NA,FALSE
2024,State Rep 146,146,York,R,N,NA,NA,NA,NA,FALSE
2024,State Rep 147,147,Jones,D,Y,NA,NA,NA,NA,TRUE
2024,State Rep 147,147,Gutierrez,R,N,NA,NA,NA,NA,FALSE
2024,State Rep 148,148,Morales Shaw,D,Y,NA,NA,NA,NA,TRUE
2024,State Rep 148,148,Smith,R,N,NA,NA,NA,NA,FALSE
2024,State Rep 149,149,Vo,D,Y,NA,NA,NA,NA,TRUE
2024,State Rep 149,149,Truong,R,N,NA,NA,NA,NA,FALSE
2024,State Rep 150,150,Swanson,R,Y,NA,NA,NA,NA,TRUE
2024,State Rep 150,150,Jimenez,D,N,NA,NA,NA,NA,FALSE
2024,State Rep 16,16,Metcalf,R,Y,NA,NA,NA,NA,TRUE
2024,State Rep 16,16,Midler,D,N,NA,NA,NA,NA,FALSE
2024,State Rep 17,17,Venable,D,N,NA,NA,NA,NA,FALSE
2024,State Rep 18,18,Steele,L,N,NA,NA,NA,NA,FALSE
2024,State Rep 19,19,Sawin,I,N,NA,NA,NA,NA,FALSE
2024,State Rep 2,2,Washington,D,N,NA,NA,NA,NA,FALSE
2024,State Rep 20,20,Wyman,D,N,NA,NA,NA,NA,FALSE
2024,State Rep 23,23,Leo-Wilson,R,Y,NA,NA,NA,NA,TRUE
2024,State Rep 23,23,Merugumala,D,N,NA,NA,NA,NA,FALSE
2024,State Rep 25,25,Vasut,R,Y,NA,NA,NA,NA,TRUE
2024,State Rep 25,25,Daggett,D,N,NA,NA,NA,NA,FALSE
2024,State Rep 26,26,Lee,D,N,NA,NA,NA,NA,FALSE
2024,State Rep 27,27,Max-Alalibo,R,N,NA,NA,NA,NA,FALSE
2024,State Rep 29,29,Bell,D,N,NA,NA,NA,NA,FALSE
2024,State Rep 30,30,Bassham,D,N,NA,NA,NA,NA,FALSE
2024,State Rep 32,32,Hunter,R,Y,NA,NA,NA,NA,TRUE
2024,State Rep 32,32,McAuliffe,D,N,NA,NA,NA,NA,FALSE
2024,State Rep 34,34,Villalobos,R,N,NA,NA,NA,NA,TRUE
2024,State Rep 37,37,Lopez,R,Y,NA,NA,NA,NA,TRUE
2024,State Rep 39,39,Martinez,D,Y,NA,NA,NA,NA,TRUE
2024,State Rep 39,39,Garcia,R,N,NA,NA,NA,NA,FALSE
2024,State Rep 4,4,Bar-Sela,D,N,NA,NA,NA,NA,FALSE
2024,State Rep 41,41,Guerra,D,Y,NA,NA,NA,NA,TRUE
2024,State Rep 41,41,Guerra,R,N,NA,NA,NA,NA,FALSE
2024,State Rep 43,43,Lozano,R,Y,NA,NA,NA,NA,TRUE
2024,State Rep 43,43,Casarez,D,N,NA,NA,NA,NA,FALSE
2024,State Rep 44,44,Norman,D,N,NA,NA,NA,NA,FALSE
2024,State Rep 45,45,Moreno,R,N,NA,NA,NA,NA,FALSE
2024,State Rep 46,46,Cole,D,Y,NA,NA,NA,NA,TRUE
2024,State Rep 46,46,Kosich,R,N,NA,NA,NA,NA,FALSE
2024,State Rep 47,47,Goodwin,D,Y,NA,NA,NA,NA,TRUE
2024,State Rep 47,47,Firsing,R,N,NA,NA,NA,NA,FALSE
2024,State Rep 48,48,Howard,D,Y,NA,NA,NA,NA,TRUE
2024,State Rep 48,48,McCarthy,L,N,NA,NA,NA,NA,FALSE
2024,State Rep 5,5,Nichols,W,N,NA,NA,NA,NA,FALSE
2024,State Rep 52,52,Harris,R,Y,NA,NA,NA,NA,TRUE
2024,State Rep 53,53,Herrera,D,N,NA,NA,NA,NA,FALSE
2024,State Rep 53,53,Holk,L,N,NA,NA,NA,NA,FALSE
2024,State Rep 54,54,Buckley,R,Y,NA,NA,NA,NA,TRUE
2024,State Rep 54,54,Richardson,D,N,NA,NA,NA,NA,FALSE
2024,State Rep 55,55,Lee,D,N,NA,NA,NA,NA,FALSE
2024,State Rep 56,56,Shank,D,N,NA,NA,NA,NA,FALSE
2024,State Rep 57,57,Hayes,R,Y,NA,NA,NA,NA,TRUE
2024,State Rep 57,57,Johnson,D,N,NA,NA,NA,NA,FALSE
2024,State Rep 57,57,Hamilton,L,N,NA,NA,NA,NA,FALSE
2024,State Rep 58,58,Windmann,L,N,NA,NA,NA,NA,FALSE
2024,State Rep 59,59,Slawson,R,Y,NA,NA,NA,NA,TRUE
2024,State Rep 59,59,Bohm,D,N,NA,NA,NA,NA,FALSE
2024,State Rep 6,6,Alders,R,N,NA,NA,NA,NA,TRUE
2024,State Rep 6,6,Grace,D,N,NA,NA,NA,NA,FALSE
2024,State Rep 61,61,Adams,D,N,NA,NA,NA,NA,FALSE
2024,State Rep 62,62,Drake,D,N,NA,NA,NA,NA,FALSE
2024,State Rep 64,64,Brewer,D,N,NA,NA,NA,NA,FALSE
2024,State Rep 65,65,DeBurr,D,N,NA,NA,NA,NA,FALSE
2024,State Rep 66,66,Carstens,D,N,NA,NA,NA,NA,FALSE
2024,State Rep 68,68,Swann,D,N,NA,NA,NA,NA,FALSE
2024,State Rep 69,69,Frank,R,Y,NA,NA,NA,NA,TRUE
2024,State Rep 69,69,Coppage,D,N,NA,NA,NA,NA,FALSE
2024,State Rep 7,7,Cooper,D,N,NA,NA,NA,NA,FALSE
2024,State Rep 70,70,Plesa,D,Y,NA,NA,NA,NA,TRUE
2024,State Rep 71,71,Goolsbee,D,N,NA,NA,NA,NA,FALSE
2024,State Rep 73,73,Isaac,R,Y,NA,NA,NA,NA,TRUE
2024,State Rep 73,73,Duval,D,N,NA,NA,NA,NA,FALSE
2024,State Rep 74,74,Morales,D,Y,NA,NA,NA,NA,TRUE
2024,State Rep 8,8,Salter,D,N,NA,NA,NA,NA,FALSE
2024,State Rep 82,82,Craddick,R,Y,NA,NA,NA,NA,TRUE
2024,State Rep 82,82,Schafersman,D,N,NA,NA,NA,NA,FALSE
2024,State Rep 84,84,Tepper,R,Y,NA,NA,NA,NA,TRUE
2024,State Rep 84,84,Lopez,D,N,NA,NA,NA,NA,FALSE
2024,State Rep 87,87,Gassaway,D,N,NA,NA,NA,NA,FALSE
2024,State Rep 87,87,McGunegle,W,N,NA,NA,NA,NA,FALSE
2024,State Rep 89,89,Evans,D,N,NA,NA,NA,NA,FALSE
2024,State Rep 93,93,Schatzline,R,Y,NA,NA,NA,NA,TRUE
2024,State Rep 93,93,Bojorquez,D,N,NA,NA,NA,NA,FALSE
2024,State Rep 94,94,Tinderholt,R,Y,NA,NA,NA,NA,TRUE
2024,State Rep 94,94,Wilkerson,D,N,NA,NA,NA,NA,FALSE
2024,State Rep 96,96,Cook,R,Y,NA,NA,NA,NA,TRUE
2024,State Rep 96,96,Turner,D,N,NA,NA,NA,NA,FALSE
2024,State Rep 98,98,White,D,N,NA,NA,NA,NA,FALSE
2024,State Rep 99,99,Coffey,D,N,NA,NA,NA,NA,FALSE
